col0,col1,col2,col3,col4,col5,col6,col7,col8
147.171875,44.04314457,-0.096229723,0.216209177,3.554347826,19.89078599,,,0
120.046875,68.92691548,0.161219278,-1.282343789,197.5777592,29.42224843,-2.282559529,8.22257475,0
104.2578125,53.03658026,0.413035237,-0.083820619,,21.3262776,7.059217341,53.3114705,0
94.390625,37.91380734,0.740810936,2.371051762,1.974080268,14.08675332,10.16932947,129.9425932,0
131.7421875,42.35974026,-0.078131312,0.176319321,1.304347826,13.24237704,12.08276419,169.0792518,0
123.8359375,48.72415619,0.286686845,-0.379819929,4.551839465,27.01730193,6.329645853,40.61112859,0
101.015625,50.50247277,0.2608497,0.004912289,1.721571906,11.79125446,11.76272451,198.010557,0
98.015625,42.11015769,0.422574118,0.599916443,0.613712375,11.47774986,19.66316299,392.4915111,0
138.4609375,52.77456512,-0.009090614,-0.551845274,2.220735786,13.20426497,9.953692104,139.4668723,0
62.765625,,2.869593016,13.65133857,10.98913043,43.42229498,,15.33900629,1
98.0078125,41.79778255,0.24467115,0.794323958,6.501672241,36.97254469,5.532897088,28.75037412,0
120.015625,52.42166542,0.117768782,-0.264111355,1.383779264,11.77992331,13.29634839,226.1338323,0
117.2578125,47.00652317,0.262181201,-0.187665991,0.590301003,9.71187114,20.24078644,459.4622779,0
118.734375,45.22400572,0.123505621,0.270101389,1.223244147,10.54237324,15.04908022,303.7941438,0
163.796875,,-1.13701311,0.389991719,0.857859532,11.48380553,17.69240103,351.74618,0
81.84375,51.78462572,0.821158839,0.284266671,2.68729097,15.15430794,8.268090228,91.70117082,0
131.4453125,50.39249209,0.058579482,-0.012323673,4.93812709,28.68875506,6.289547306,39.97209542,0
77.7578125,39.44651167,0.715156764,2.04921959,4.007525084,23.82101129,,,0
130.3125,46.65929536,-0.017891325,0.209152671,3.281772575,17.04827992,7.178018704,66.14317567,0
95.3828125,49.74200958,0.553215631,0.345959466,21.2048495,57.57489533,2.585874536,,1
121.890625,56.07740665,0.207861982,-0.46126577,1.356187291,11.9889255,12.25849788,197.0392549,0
120.828125,45.91774394,0.138406019,-0.072662135,2.929765886,19.8829371,8.764895697,86.30498304,0
116.1640625,45.18793695,0.22598746,0.208861929,2.280100334,17.64076607,8.978635518,89.33042412,0
108.7890625,42.92829274,0.585996891,1.296499201,8.137123746,33.38166731,4.392796998,,0
29.6875,,5.166467548,32.24540555,19.28344482,49.85474647,3.045731387,8.938013716,1
,52.56765544,,-0.141554999,1.202341137,10.11939731,16.30574295,354.3771607,0
,43.6156419,0.59585834,1.129064733,2.377926421,15.84564913,8.700077019,94.21052206,0
42.5546875,31.18037459,,25.65261075,17.7173913,48.29203662,3.136579598,9.663884391,1
132.2265625,52.79414842,-0.254849158,-0.012093326,17.10953177,52.98761964,3.049343811,7.96128242,0
133.671875,54.71975611,0.017328156,-0.412603216,75.46237458,79.8399701,0.264667045,-1.686645742,0
30.0234375,49.39374088,3.42432181,10.495355,131.6187291,79.50319266,-0.352014146,-0.963560506,1
126.3515625,,-0.120530793,-0.457801414,2.285953177,,9.530531603,120.6550092,0
92.671875,42.18858506,1.167883045,2.922436433,11.81354515,42.10203624,3.899759477,14.78652848,1
109.09375,53.60801559,0.376658565,-0.037571122,3.549331104,18.63247088,6.77192239,55.94526476,0
109.3515625,42.42743619,,0.828258756,0.717391304,11.33867793,18.50064207,370.9374617,0
125.21875,51.39521158,-0.14258921,-0.643647611,3.029264214,16.60655207,8.36217899,90.91873916,0
101.2421875,51.86125512,0.490314137,-0.026490438,5.769230769,26.38565137,5.358591635,30.77787047,0
104.546875,51.51378144,0.438275251,0.072167116,2.868729097,16.30818347,8.323439778,87.51987032,0
106.4609375,47.46477351,0.266438114,-0.041059056,6.112876254,28.54521382,5.750514991,36.73848973,0
121.2578125,53.57139601,0.010873234,-0.020955446,2.040133779,12.94825286,11.19839607,167.728186,0
9.6796875,34.18674213,5.675513634,34.09198751,121.6998328,43.77870048,0.667756531,0.631393344,1
99.125,42.4630354,0.562828018,1.207424981,2.372073579,19.92891689,9.212676553,88.43037718,0
142.2890625,49.05611461,-0.111128087,-0.096114076,15.65133779,49.30315077,3.073278401,8.20273753,0
114.7109375,48.55701422,0.218243934,-0.087056881,,16.91320987,7.397349607,71.20398386,0
113.5859375,57.36104505,0.206403937,,4.474080268,26.21808773,6.486768204,44.15021749,0
,51.25335355,-0.235955143,-0.353229627,103.7324415,101.741337,0.08409911,-1.859814513,0
126.0859375,46.62684771,0.133926609,-0.240258092,4.765886288,,6.490094439,40.42753853,0
117.2578125,45.96283249,0.224514512,0.259893314,,33.79834083,5.316084242,28.0989292,0
109.875,46.74665763,0.157274165,-0.027049271,1.846153846,14.7522373,11.34845777,150.1584635,0
124.2890625,56.65371131,,-0.65047742,14.68478261,43.72393789,2.95352957,7.604780134,0
95.0625,44.95531636,0.278996642,0.348975928,1.787625418,18.13245711,11.00467852,124.6895145,0
152.7578125,53.05977556,-0.48499674,-0.224527644,,28.10508238,7.01974796,49.47437125,0
112.1484375,38.97196305,-0.017768148,1.332388709,3.025919732,22.34332662,8.121868645,68.5016454,0
60.6328125,47.56473731,2.401280557,5.858265485,93.58695652,89.54225828,0.383887223,-1.31902556,1
32.1328125,63.60171125,2.191145781,3.424513625,77.74498328,66.68108608,0.942460671,-0.058914231,1
103.96875,47.47350207,0.304791679,0.016580582,1.505852843,11.25543195,13.17515728,239.0896684,0
133.953125,49.23062109,-0.066710012,-0.134067102,2.754180602,18.67105967,7.64790338,,0
15.2578125,,6.274609024,41.33910601,82.6680602,56.17240259,1.10293196,1.344280427,1
126.328125,46.70972687,0.219174451,-0.182290189,2.091137124,,11.04466852,161.6337607,0
98.359375,36.1809114,0.471384668,2.51355235,2.657190635,14.66400298,8.445619819,98.23046661,0
126.0859375,49.27807375,0.228992026,-0.253830757,1.411371237,15.29792227,12.91413605,,0
115.0078125,51.4736729,0.166018227,0.04707412,3.33361204,22.04798447,7.533545025,61.52761186,0
154.1875,,-0.609318472,-0.151936059,,20.50057589,10.80246369,116.4542029,0
85.5078125,51.7055963,1.227573635,1.16486219,115.1120401,94.24420791,0.061059114,-1.547380894,0
125.65625,45.41637877,0.229544732,0.500912986,3.214046823,22.25962653,7.92293878,67.53804355,0
136.5625,54.52733689,-0.137514813,-0.491747615,7.02090301,34.6810416,5.190956526,26.65608506,0
114.015625,39.53834855,0.259863557,0.925969389,5.665551839,22.2555134,,28.69415997,0
120.234375,44.20627861,0.269423038,0.006258424,2.739966555,21.71413026,8.554551701,75.71739963,0
74.09375,36.31727324,,3.463000044,1.780936455,12.81945002,10.8224215,156.8188374,0
96.0625,45.87768214,0.190182999,0.182430661,1.871237458,12.97573535,,148.2012851,0
96.6328125,44.08884338,0.396520546,0.732046294,2.065217391,15.60006306,11.01607252,143.7990857,0
112.421875,50.52020162,0.223546506,-0.445700783,2.600334448,20.62377917,9.143810323,,0
123.40625,46.59289067,0.065470289,0.54769646,2.35367893,14.85232192,9.384119051,111.0075943,0
108.890625,38.12545786,0.477577135,1.693533276,2.678929766,,8.255155258,87.04195889,0
144.75,42.04276097,-0.080527561,0.646575786,2.069397993,14.35454201,,,0
135.765625,47.55087479,0.100984357,-0.105084632,1.97993311,15.84016946,11.23317173,143.8231532,0
114.65625,52.31984529,0.059077616,-0.50533343,2.165551839,14.82899235,10.14176368,127.3810739,0
,48.45073849,0.291262968,0.168201026,2.193979933,14.4120849,9.455081029,114.3475281,0
100.9296875,42.51326697,0.333591654,0.726115686,2.273411371,14.58648509,8.880086248,103.2605738,0
112.5,51.54442865,0.365850548,-0.384710952,2.420568562,20.63234169,9.33211194,90.80392829,0
7.6328125,29.46233589,7.288394672,53.75696761,164.8662207,,-0.66856932,-0.736855876,1
87.578125,33.46747707,0.740752533,3.888345351,1.911371237,15.11916449,9.999031435,117.4851902,0
111.5625,49.93272818,0.344479513,-0.207810348,1.637123746,15.78297927,11.46891243,146.7741526,0
90.2890625,45.45553328,0.339920321,0.565797808,4.296822742,25.87281776,7.100010086,52.98463191,0
129.53125,48.17269349,0.074234132,-0.185328487,1.954849498,12.75887657,10.92666986,162.6658532,0
110.7578125,44.76583974,0.28989748,0.098779021,5.281772575,27.25661594,5.851949166,35.80385409,0
138.46875,,-0.33004083,-0.55299028,,33.52451107,4.257050558,18.90214154,0
113.84375,49.07574463,,0.063128291,1.469063545,11.79053016,12.91667442,216.5081016,0
103.1171875,83.05388133,0.491894774,-1.424907291,106.8152174,69.22131491,0.481260314,-0.990714567,0
108.4140625,49.44212642,0.186921581,-0.284785981,12.52341137,44.98403976,3.580356164,11.61897437,0
93.5078125,36.70639337,0.657896372,2.33124416,3.571070234,23.76914752,7.232109468,54.29956407,0
155.453125,62.58592336,-0.424140447,-0.544593002,62.19314381,84.81306606,0.869169123,-0.920021998,0
117.3125,50.09674235,0.43341809,0.091720478,2.796822742,15.31054318,7.957957444,85.47099724,0
115.0546875,48.57939838,-0.072920959,0.025553149,3.059364548,22.2709971,8.438091342,75.89080119,0
111.6640625,52.89158684,0.365273107,-0.026960391,143.611204,83.99735329,-0.905548779,-0.785030488,0
116.09375,43.35147732,0.131056989,0.203525489,0.970735786,12.79932507,15.67574475,,0
127.78125,46.93594996,-0.091211039,-0.042552963,0.753344482,11.60369264,17.2574396,317.7684111,0
,50.1353539,1.940449831,3.891114308,75.96655518,79.82689603,0.694073696,-0.785507585,1
137.2578125,55.76502686,-0.399317655,-0.36023522,0.850334448,14.20120025,17.0984886,291.7464869,0
119.0859375,45.31677175,0.143403898,0.058035781,1.387123746,13.1304798,12.78557783,191.954047,0
115.8984375,55.62933127,0.382114814,-0.299731538,1.622073579,11.4217996,12.81936479,230.372885,0
93.453125,47.23608581,0.724924739,0.605139087,5.573578595,29.38082505,5.611396876,31.90507786,0
118.9921875,49.49786866,0.126104943,-0.134870674,1.386287625,12.74123527,11.69773917,170.6308375,0
109.3359375,50.30178882,0.206914504,0.053811115,2.439799331,16.7386128,9.648613261,109.1909892,0
,44.50450334,0.144513283,0.630673275,0.755852843,11.25505123,,328.5391111,0
130.1484375,47.80936915,,-0.201564654,2.337792642,16.65731562,9.214074319,98.48469875,0
107.7421875,44.62574336,0.42016113,0.627738904,4.581939799,25.80177475,6.402914715,43.10556103,0
109.296875,52.19006122,0.324989984,-0.093139171,1.214882943,11.17082975,15.03661761,280.6834694,0
79.265625,41.29476442,0.782440918,1.757455044,1.537625418,11.4788342,12.98797268,228.7941494,0
141.7265625,47.55748411,-0.03290593,-0.14292987,1.739966555,11.77968497,12.10771216,,0
119.734375,50.7385277,0.428471223,-0.179211959,2.487458194,18.82992024,8.996669937,89.39036597,0
95.3515625,42.38616922,0.569365867,1.260704131,2.323578595,16.29134245,8.747194888,90.35900597,0
100.875,47.84382144,0.493501349,0.497478381,3.18645485,19.51663857,9.355866733,103.2454275,0
119.7265625,55.77896037,0.097167323,-0.554084018,,7.946399043,28.22859906,881.7167208,0
120.640625,,0.352311825,0.114469046,2.577759197,17.05087235,10.01869881,117.3624349,0
127.6484375,43.63477502,-0.027529483,0.066972419,3.345317726,18.18325482,7.366258001,65.1344517,0
116.9921875,41.19740892,0.218440872,0.556116517,3.321906355,20.10867352,7.582952646,64.77790454,0
95.015625,39.73879252,0.364875087,1.657026563,2.673913043,16.75209831,8.149932385,79.93275434,0
58.6328125,,3.142086962,14.45405088,37.44732441,65.84515941,1.745324901,1.976719986,1
,40.66243167,,1.44097936,1.211538462,12.67873819,13.02104081,198.087177,0
101.390625,,0.550356988,0.416187818,1.202341137,12.95080199,13.46410506,205.2957061,0
87.09375,41.42546724,0.416574732,0.981521189,,20.15440726,9.495578044,97.48268757,0
76.4921875,38.12274503,0.750548583,2.556619255,3.25,22.3891967,7.711294113,62.91636669,0
147.8671875,38.20736412,-0.187410588,1.538537372,1.971571906,14.76281353,10.22417962,124.0380915,0
137.3984375,44.43646093,0.184818786,0.378972016,1.621237458,13.15311873,12.70289098,,0
91.1875,58.170916,0.778607427,-0.01872172,19.73327759,50.99658913,2.538334551,5.381815078,0
117.5078125,43.2359074,0.294867032,0.753516405,2.102842809,14.32168499,10.49733262,,0
103.1328125,49.7667012,0.420637862,0.50488151,2.053511706,15.71119404,10.96101964,141.5952087,0
118.2578125,54.44323966,0.107327196,-0.467778831,1.9590301,12.0798968,11.22562618,182.7762883,0
,55.79286469,0.195342695,-0.630293883,0.862040134,11.94756649,16.29775539,290.9773381,0
115.8671875,51.4738057,0.267240714,-0.041933829,2.337792642,16.32061533,9.143229389,98.37669958,0
128.390625,45.02260446,0.050869902,0.33551466,0.922240803,11.66691318,17.51912706,339.1324544,0
110.46875,,0.433250403,-0.151844171,1.966555184,15.76777179,10.38738,,0
130.8515625,52.43285734,0.142596727,0.018885442,2.64632107,15.65443599,9.464164025,115.6731586,0
142.890625,49.97565569,-0.239889104,-0.166185901,2.076086957,17.01656865,9.866068877,108.012443,0
130.640625,50.3760444,-0.278637857,-0.200793737,11.64297659,41.90497842,3.60267656,11.95490358,0
136.484375,46.74347955,-0.009165332,0.004607327,4.56187291,23.83275797,6.165482606,40.997467,0
73.1875,36.09270832,1.145832284,4.196603218,4.051839465,23.24971295,6.773629978,50.49617843,0
124.6328125,54.18931962,0.001898719,-0.513267432,5.178093645,28.74872494,6.123285839,38.6617249,0
117.9140625,41.22556612,0.414403675,0.958227646,2.894648829,16.58929234,8.257561999,87.57675541,0
115.0703125,52.80435345,0.068282763,-0.404922283,100.3779264,94.36445207,0.199350358,-1.63460597,0
100.375,41.00342973,1.219326866,3.156956814,7.722408027,38.92933568,5.17225813,25.78415423,1
137.3828125,52.03276028,0.021787591,-0.621113298,2.676421405,15.58040358,7.997838324,83.06899599,0
124.40625,43.25640081,0.039776641,0.567034945,4.373745819,27.39027877,6.759491684,47.19675962,0
119.5,40.45715326,0.782728394,1.43310841,13.20819398,42.76840447,3.266210385,9.76710015,0
51.1796875,33.578135,3.540392619,18.44180873,47.2867893,72.85860815,1.386723455,0.620479802,1
88.5859375,45.18236094,,0.661438584,5.18729097,,,47.04622388,0
107.875,41.17663931,0.129765323,1.134419143,2.071906355,18.95690889,10.37460744,114.1444222,0
105.6640625,59.24265215,0.354438286,-0.496044362,3.976588629,29.79309005,7.383828763,52.71915187,0
,43.06275442,0.299330239,0.760055641,,15.87946806,7.329342007,73.45047494,0
121.0234375,44.81201444,0.519707876,0.565347386,1.586120401,15.69611421,12.12732728,159.5416531,0
101.9296875,46.48003328,0.425094987,0.618000024,0.848662207,12.92354699,16.364909,276.722213,1
101.046875,47.36706058,0.193583235,0.179709738,1.945652174,14.01908241,9.881599629,,0
124.8046875,42.91908422,-0.073459025,0.377548575,3.142976589,18.27856154,7.473648971,66.06315487,0
93.1640625,44.12195056,0.667654656,0.807636606,3.547658863,,7.609522407,63.34297284,0
100.625,31.33563267,0.734724386,3.856889573,14.71906355,42.99276214,2.862689939,,0
126.1640625,53.82868911,0.082883472,-0.39652676,2.58277592,21.23465027,9.199609338,89.62196201,0
29.3828125,30.9240807,4.950562272,29.03620102,47.93478261,76.42785148,1.427907483,0.681617674,1
103.140625,47.56257956,0.384095219,0.049221011,4.008361204,20.39521544,6.783497645,54.29740675,0
34.328125,41.12483081,3.524490791,12.38479593,40.44983278,70.0433334,1.643314759,1.489263624,1
103.4765625,46.15581031,0.310986416,0.614195367,1.91638796,14.45647483,10.3608764,129.6197965,0
79.9453125,42.62945515,0.586963514,1.301647917,1.20735786,12.77593681,14.10728527,231.0515264,0
117.7421875,46.46794024,0.115642454,0.021452025,6.933946488,34.77305522,5.120348883,25.50043493,0
128.84375,53.32952359,0.094572009,-0.313944642,2.284280936,13.45776698,9.566518633,128.1122634,0
122.9296875,47.21777731,-0.160543291,-0.234957529,1.913879599,11.97698914,11.70508715,193.5124936,0
128.546875,45.38117371,-0.133429617,-0.281781194,5.691471572,29.96499007,5.556640101,31.01647182,0
114.8203125,46.4664586,0.292900657,-0.017469318,2.566889632,14.91597561,8.673193926,101.1988084,0
128.3359375,57.19023591,-0.075856467,-0.609328525,2.655518395,15.62082248,,101.5189001,0
108.9453125,42.38611738,0.294195733,0.312469535,2.892976589,20.19218492,7.785414301,65.34423801,0
128.7109375,38.43361817,0.03524421,0.90676788,2.944816054,20.42078991,7.854672257,67.37713363,0
78.875,42.01989856,0.815958213,1.392867977,16.23913043,,3.191435478,8.647048948,0
87.515625,35.2929668,0.637397745,2.816726796,1.455685619,11.35158157,12.87882264,229.8486463,0
128.03125,40.14776175,0.11041924,0.655912248,4.748327759,23.62034663,5.830964935,37.64657447,0
104.4921875,45.91500233,0.281946589,0.38040723,,18.41316589,7.240999908,61.25621005,0
128.875,53.43907161,0.032770049,-0.679851066,158.7591973,87.10812222,-1.136391566,-0.478883532,0
119.203125,70.1511047,,-1.20426892,13.2458194,50.69572595,3.724359482,12.30185657,0
149.8203125,51.44861417,-0.164474931,-0.072422437,2.576086957,14.6029409,8.737733452,103.5868402,0
62.6875,,2.462231663,9.16285605,19.43645485,51.97462214,3.016442347,8.641373497,1
120.5390625,71.48731338,0.066583237,-1.237875696,1.568561873,15.70110071,11.66944828,146.7138413,0
127.765625,55.74852638,-0.044010596,-0.45003827,10.37959866,37.99222837,3.855091123,14.37854876,0
138.3046875,50.64498966,-0.155062298,0.011023106,1.606187291,17.1783268,11.29256537,130.7167621,0
126.8671875,,0.13633915,-0.588709439,1.149665552,13.96514443,13.23049959,186.2685104,0
116.0078125,54.21607466,0.163563692,-0.421304599,1.567725753,,10.95607093,129.8317102,0
85.3359375,34.25918612,,3.411482693,,41.41468495,5.072793835,23.81435664,0
123.75,,0.279008508,-0.198705176,4.066889632,27.23980968,6.945298736,48.51064174,0
101.34375,50.67211349,0.372489083,-0.165874097,1.821906355,14.23380574,10.47611754,135.4775225,0
102.9453125,44.38068777,,0.189317931,2.537625418,15.06666643,9.494926779,116.6981335,0
113.4765625,54.52149302,0.230584591,-0.375826489,1.173913043,12.02393885,13.52349996,220.0542493,0
142.2578125,40.71840149,-0.253934087,0.801579329,1.741638796,13.88495391,11.18717117,151.1873576,0
119.9453125,44.76541435,-0.01117612,0.450822406,0.908026756,12.9392678,15.95817822,272.05738,0
130.8984375,52.55099307,-0.061827667,-0.309242141,3.286789298,17.36521509,7.783492841,75.97670745,0
109.3046875,40.55909242,0.531711969,1.056604184,2.02006689,13.21792889,10.16238116,140.8446503,0
49.7890625,32.88418416,4.120287528,21.25317784,23.17474916,50.50916733,2.635813519,6.925677637,1
93.2734375,51.75720283,0.742549054,0.474389138,187.4740803,60.76320752,-2.269474278,4.231114001,0
125.5625,45.23994191,-0.017836252,0.323756982,2.10451505,17.50064346,9.683360722,105.599491,0
116.4140625,49.25563536,-0.125479822,0.120182487,2.18729097,21.33950845,10.28698684,107.4817111,0
101.953125,50.86392069,0.466244878,0.006461593,7.671404682,38.43136459,5.150861606,25.57730866,1
102.3203125,44.38009365,0.330856994,0.467960109,1.39548495,14.93435848,12.92630068,181.4840665,0
123.2734375,48.76453547,-0.139482238,0.051884046,1.753344482,12.93662959,11.33405876,165.7113163,0
111.890625,45.87129317,0.358024253,,1.584448161,14.50344414,11.3783322,148.0595946,0
94.6796875,43.93833278,0.446644531,0.677596174,2.595317726,13.84318934,8.958145057,115.2558526,0
89.046875,44.66294944,0.747309968,0.842679492,0.811036789,10.60365678,17.08737246,340.5245434,0
148.3828125,52.47218327,-0.112469776,-0.572112984,173.0183946,86.21397311,-1.174440089,-0.204996101,0
116.7890625,53.49410779,0.261370615,-0.36202634,5.497491639,27.95940369,5.97438121,,0
88.5703125,33.85877923,0.666298663,3.412679262,1.724080268,12.61014836,12.77967949,210.857105,0
110.5703125,38.49425355,0.472296355,1.855445652,2.329431438,19.79692478,8.961433668,82.59031688,0
133.890625,41.16472898,-0.152566571,1.179817903,3.612876254,25.63683468,7.525768064,,0
108.96875,57.75175018,0.146666548,-0.477347654,3.192307692,17.33459262,8.333335969,87.89481476,0
161.828125,39.06387185,-0.305095379,1.526261361,4.260033445,,7.132636057,54.6937334,0
133.9609375,46.74488648,-0.251686233,0.339087638,1.711538462,14.73039428,10.96212656,140.0302933,0
128.2890625,55.26514956,0.069834842,-0.443164315,1.846989967,13.24117044,11.14255826,161.8683904,0
73.4296875,35.64510038,1.891876111,8.195140975,5.614548495,31.35826139,6.01544618,36.39483966,1
110.75,50.85672276,,0.239981469,17.70735786,48.47375919,2.584014313,5.327524032,0
128.59375,52.80838556,0.112521389,-0.43984565,3.570234114,25.23510025,7.723202775,61.15842327,0
112.359375,50.98341249,0.331539531,-0.439189387,4.092809365,24.63113663,7.385026844,58.858343,0
129.4296875,51.11914447,-0.039083403,-0.015090877,2.506688963,14.45645481,9.242921373,114.7596934,0
138.4453125,51.4192037,-0.005022167,-0.479630801,2.12458194,19.03570921,,,0
114.5234375,44.16746626,0.255155145,0.469436973,0.873745819,9.879962477,17.5000631,389.2114996,0
138.3828125,51.9926559,0.090559201,-0.325004238,2.142140468,16.38846554,,118.8334048,0
102.3359375,48.51953172,0.218733252,-0.053769648,1.091973244,12.00375788,14.5767307,247.9631688,0
143.8046875,55.02571254,-0.159750998,-0.555587046,1.870401338,11.65569722,12.05507547,209.675879,0
124.7109375,47.27696855,-0.07056585,-0.325157953,111.006689,94.28209622,-0.217793231,-1.780787607,0
114.4140625,,0.13479343,-0.257121664,2.574414716,15.83221962,8.652778012,92.32657762,0
105.03125,43.32380579,0.159347876,0.596595305,0.585284281,9.966511694,20.6929861,465.4754173,0
139.8671875,43.9426777,-0.247894264,0.19815432,2.526755853,15.2071577,,91.4316833,0
134.890625,,-0.017061472,-0.374914986,3.733277592,22.01310638,7.145845867,57.14864936,0
111.625,51.29022811,0.261694948,-0.110086393,0.444816054,9.212711058,23.84560191,599.2180861,0
126.2890625,44.28779324,0.36307378,0.468434843,1.783444816,13.04228113,10.72316651,152.9057304,0
104.8046875,47.79236645,0.328691864,0.083438105,0.763377926,10.0823547,,401.3006212,0
131.0703125,51.59868936,-0.00614675,-0.06438509,2.10451505,16.43462613,,110.3403472,0
98.671875,42.66898562,0.432572406,0.52426236,2.684782609,17.12803846,8.569712025,86.6260244,0
127.3515625,53.20120855,-0.026954612,-0.364566173,1.422240803,14.76204141,12.55633179,177.0737551,0
141.578125,47.70524889,-0.010606214,0.088807173,1.64548495,14.20330422,12.02110257,175.1734515,0
122.28125,47.00730287,0.285440464,0.317212963,3.556856187,21.34462277,6.73447051,49.35960115,0
114.8515625,39.04606451,0.197678887,0.786664783,1.776755853,13.52402154,10.6099749,,0
15.8359375,35.20604026,,,111.8653846,58.54717766,0.200295209,0.349278124,1
78.375,37.71252279,0.809364965,2.760060093,,18.18108774,10.50639806,118.6507444,0
114.3125,49.02833205,0.118670867,-0.001180518,1.201505017,14.72769663,13.38876938,189.4888096,0
91.6953125,41.29042689,0.456655979,1.051486715,3.594481605,24.58906961,7.301209472,54.99046666,0
127.734375,45.86077511,-0.203386734,-0.176906509,1.656354515,15.3823554,11.61372879,146.5744652,0
120.890625,51.21236947,0.486548415,0.016001829,22.35284281,58.23467043,2.474523562,4.683489786,1
101.15625,51.68359833,0.35074738,0.06144556,2.366220736,14.22541872,,122.7084667,0
,51.10637686,0.049918025,-0.330847535,38.72491639,73.41434443,1.482014055,0.429442517,0
129.7109375,48.04086027,0.080467948,-0.105583334,3.224916388,17.73118904,6.684986134,55.47118681,0
113.109375,50.18594088,-0.065818006,-0.430470386,,41.73510235,3.992532951,14.83527318,0
128.0390625,,0.209974995,-0.220334183,18.9264214,55.50577364,2.759514517,6.085484365,0
124.765625,49.29510694,-0.009283868,-0.370240103,2.256688963,15.09984043,9.689982882,114.2259608,0
113.7734375,48.95122171,0.320587163,0.529728748,,14.75110247,9.149988922,108.0927265,0
109.6953125,43.31435937,0.159526537,0.474776011,1.858695652,15.28298066,10.63703847,130.1851426,0
128.1875,49.81508776,-0.01611437,-0.322559835,1.683946488,12.16994117,12.27011665,198.3546921,0
125.828125,35.48153335,0.097658518,1.984314908,1.341137124,11.34724106,13.51255094,241.1865874,0
140.421875,47.14101342,-0.159950869,-0.033127005,1.942307692,16.964921,10.63411436,126.0734973,0
138.25,54.4650117,0.097420949,-0.660554394,6.37541806,30.965895,5.710767406,33.85487524,0
125.0234375,47.34472397,-0.084788906,-0.029882814,1.683946488,17.77141489,11.07792874,125.3746833,0
109.1640625,46.07429078,0.258365368,0.65739588,1.003344482,11.41457975,15.80257053,293.4759936,0
,53.54723519,-0.189577141,,1.076923077,10.19159775,15.97191344,340.1969701,0
127.703125,48.82756,-0.020810762,0.010693305,2.461538462,18.73100444,8.596833135,80.27147584,0
120.953125,47.22649206,0.03818136,-0.213670744,5.053511706,29.10229587,6.309266947,,0
113.40625,38.24375715,0.468597132,1.473002145,1.446488294,16.22314027,11.98300313,147.9496998,0
91.328125,44.5631766,0.584752425,1.255564987,0.883779264,12.92876176,16.28206245,278.6909419,0
115.6953125,55.30449216,0.11639871,-0.531272918,1.27090301,13.90664729,13.27413251,197.6504138,0
106.484375,50.41561396,-0.026536687,-0.165455571,63.58695652,87.7727186,0.796171394,-1.118242566,0
113.1171875,56.09097258,0.233873954,-0.749568597,3.777591973,23.40559275,8.274463181,73.41771143,0
117.359375,44.40205766,0.002822546,0.448794292,1.826086957,13.57944006,11.48735149,164.4442499,0
148.34375,51.68813293,-0.355294877,0.064232539,2.919732441,18.38573804,7.988190951,,0
108.96875,44.59258933,0.403599382,0.47540891,2.467391304,15.44598226,9.229456924,107.5882864,0
55.4609375,33.90840197,2.590021483,10.46368843,21.26839465,55.18975207,2.694901588,6.32777355,1
124.59375,48.79716268,-0.052109374,-0.028349267,1.746655518,12.29644416,11.0577791,171.9988855,0
126.09375,52.17015992,0.308289479,-0.421265194,2.83277592,18.73768392,8.979732113,92.54397542,0
112.5078125,52.72096299,0.220874886,-0.526842102,1.617892977,12.86495256,11.60714181,,0
103.28125,46.00848045,,0.542591197,2.97993311,17.88217472,8.199523642,79.25565503,0
88.7265625,40.67222541,0.600866079,1.123491692,1.178929766,11.4687196,14.26957284,252.5673058,0
148.046875,56.2189997,-0.149531894,-0.51167405,4.241638796,21.85317313,7.397948892,63.35908101,0
105.1171875,52.24620517,0.325375949,-0.177096853,3.532608696,23.58585201,7.544013204,60.65961196,0
129.015625,50.74892,0.154489561,,1.890468227,15.32705467,10.71405129,135.6120615,0
120.875,47.78630819,0.258215529,0.166548944,3.446488294,21.10836777,7.738518941,67.1532398,0
119.109375,58.6426192,0.184893214,-0.316643572,2.341973244,15.72243388,8.752023715,93.60583423,0
106.5625,44.1318603,0.180241932,0.338568808,5.587792642,27.66310375,5.825079908,35.67196466,0
97.609375,39.6009853,0.305397281,1.403402411,5.632943144,29.99194237,5.738389093,33.66772366,0
58.5703125,44.24411748,2.74142524,8.888969807,14.9673913,44.35852458,3.427857041,11.75397158,1
105.9453125,47.58714187,0.352501941,-0.015239727,2.591973244,17.96887133,8.549350104,84.52700935,0
82.640625,39.86083886,0.493866137,1.563676539,2.783444816,16.1302939,7.520254168,73.38803805,0
57.5546875,46.24337936,2.740055523,7.864373369,2.285117057,16.7783548,10.4503698,121.6933137,1
,35.17659047,5.33660541,29.06086168,91.39715719,69.11457667,0.536484532,-0.271944596,1
120.5859375,46.95269018,-0.078296762,-0.103481897,4.189799331,27.21314229,6.812267683,46.7673606,0
111,,0.227820227,0.919186283,21.17976589,56.4123195,2.469955614,4.52746952,0
123.21875,41.99068675,0.378667375,0.66472584,6.29264214,29.79110066,5.41689496,31.2897419,0
135.078125,40.08401516,-0.005035818,0.555520284,3.887123746,23.03200045,6.531164867,45.39248688,0
124.234375,45.03132319,-0.023077073,-0.070098127,1.918896321,16.68078052,10.35903634,,0
112.8671875,48.06463277,,-0.068723484,2.002508361,15.34941395,,,0
135.28125,51.41223369,-0.206523531,-0.058284578,12.06354515,47.77795957,3.729876634,12.01280011,0
143.8125,49.91895776,-0.328117786,-0.286580019,5.216555184,29.01595271,5.844517596,34.11668065,0
141.046875,48.86010952,0.081731718,-0.119005328,5.043478261,29.30299189,6.188729692,38.56174165,0
120.625,51.84652833,0.045747214,-0.143517671,103.4657191,92.45915484,-0.203441495,-1.911170659,0
83.53125,42.52167416,0.581761011,1.230802536,,17.79643383,7.050441726,61.66259441,0
82.1640625,35.07665208,0.953818457,4.238586499,15.2826087,45.35525396,2.930924615,7.414035254,0
119.953125,53.87976478,0.070565226,-0.556548406,1.765886288,15.19346938,10.97925989,139.9131192,0
18.921875,31.97499252,6.332913188,41.91419181,97.12541806,55.83389714,1.252185421,0.967874026,1
121.234375,47.16369174,0.0548357,0.309261814,1.658026756,16.9976177,11.54949073,141.0991291,0
108.4765625,44.71104534,0.335316167,0.692126155,3.076923077,20.69941194,8.062798065,71.57109965,0
119.8671875,52.59000783,-0.005797876,-0.221949891,1.307692308,12.88548642,13.03473886,,0
147.9609375,40.65237584,-0.444932338,0.63578149,0.372073579,8.024076816,27.96477629,854.912421,0
112.71875,50.3012701,0.279390953,-0.129010712,,37.81001224,4.691826852,21.27620977,0
78.3046875,38.08718588,0.71004308,2.291860667,4.16722408,25.29727197,6.867284921,49.56550621,0
130.09375,51.05487818,,-0.403470521,2.970735786,18.44557156,7.89685194,72.5165099,0
135.8046875,48.61376133,-0.19864608,-0.01790787,2.304347826,17.15947278,10.50344361,127.2552626,0
108.1328125,,0.359194538,0.384454487,1.245819398,,12.68281848,174.5671498,0
111.09375,53.60349766,0.189773057,-0.510287132,6.637959866,31.18659771,5.250437567,28.51976129,0
124.015625,52.70169358,0.179369797,0.230985917,2.372909699,13.60834396,9.649481619,130.0941166,0
137.53125,47.79692352,-0.121331674,0.082156889,107.9264214,86.28214357,,-1.738793409,0
115.2734375,57.59363502,0.191573575,-0.394533741,2.285953177,14.00305163,9.763453777,125.8157759,0
116.296875,40.84600642,0.123292108,0.764691682,2.198160535,17.27400748,10.71319238,129.369986,0
126.6640625,54.88073395,0.027960346,-0.405134511,7.113712375,33.60540418,4.898416233,23.56397733,0
117.4921875,42.90924217,-0.017215728,0.15372616,14.93645485,46.83575488,3.035971334,7.873780834,0
38.484375,42.75547925,3.590710146,13.66344214,89.38294314,65.7849098,1.010050723,-0.050717106,1
126.4140625,50.79378151,-0.214395746,-0.021389706,3.409698997,22.95369862,,62.7161395,0
101.1953125,36.30256073,,1.993004619,1.97909699,18.725407,10.49646386,115.9636423,0
150.828125,52.60615895,-0.262291657,-0.006883181,2.373745819,13.43844929,9.479700231,128.4593177,0
111.1171875,,0.399296118,0.891883073,2.10451505,12.9893813,10.46770201,152.6719977,0
154.65625,44.07937399,-0.224625992,0.31180126,76.21571906,94.2025514,0.531849357,-1.551833391,0
7.921875,33.07959373,5.831878951,34.38143283,172.7959866,62.64608493,-0.771858777,-0.303492808,1
99,48.54717422,0.368494718,0.208028516,1.531772575,15.11576821,11.05474608,133.6380973,0
108.59375,42.48316532,0.35293546,0.318186029,2.913043478,22.36245503,8.257321424,70.22832855,0
,49.19706802,0.646499086,-0.054870798,16.07441472,45.12876762,3.065125907,8.694573842,0
123.1484375,49.17270105,,-0.14305388,1.392976589,12.75722961,12.1093089,179.3356311,0
126.53125,50.96106625,-0.000433127,-0.376202864,5.220735786,28.55238871,5.834884893,34.78529594,0
110.2890625,44.52144012,-0.033370385,0.414296209,0.821070234,11.81411593,16.25026379,285.1100187,0
139.6171875,44.93695603,-0.227624272,0.598908382,1.347826087,12.55194239,12.32495605,187.5171954,0
141.3125,52.44666189,-0.193099134,-0.208574726,2.24916388,17.62489472,9.335137144,95.96139882,0
128.5703125,51.05292652,0.012314253,-0.347554943,33.30434783,66.77215801,1.774047381,1.637069511,0
104.6953125,45.52429959,0.609051682,0.925929,3.840301003,23.70319711,8.113404412,70.06019289,0
104.3125,38.38492339,0.413408659,1.583128108,1.203177258,14.26826202,14.15243887,217.2045461,0
122.46875,53.16806159,0.004507465,-0.116774196,3.83361204,24.72057707,7.192342239,55.01142591,0
109.1953125,44.04349033,0.398104464,0.672619143,3.129598662,18.93579436,6.93678498,54.98640182,0
137.890625,58.06505435,-0.02372694,-0.481092949,4.183110368,26.17964211,6.630961,44.64092446,0
126.09375,47.3440594,-0.062353656,0.16892861,,12.70658828,11.00849357,165.6852042,0
106.2421875,45.20124205,0.378014335,0.705144652,1.941471572,13.87533792,9.712605905,122.9516523,0
134.4375,50.13353263,-0.120135845,0.139724199,2.530936455,14.48952613,8.864714604,106.960286,0
156.15625,54.76589916,,0.010932054,6.780100334,32.2011753,5.454892942,30.33757235,0
138.1640625,50.34657656,-0.296696243,,3.257525084,19.25568765,,71.51825776,0
,50.47717555,-0.016625518,-0.168214416,,22.7118028,8.731262362,79.9608801,0
105.71875,49.17410674,0.402754911,0.215220976,,20.24155582,8.393158227,79.97017804,0
110.5234375,54.73886371,0.322872283,-0.104463906,2.438963211,16.14277188,8.482487448,86.88867598,0
135.65625,50.75099098,-0.358693568,-0.058812897,8.119565217,33.86758474,4.316813122,18.14869058,0
111.546875,50.43589052,0.2220262,0.005012485,2.721571906,17.19838707,8.42727806,83.38159361,0
122.234375,45.80793538,0.286875222,-0.094539481,2.148829431,13.24428028,11.04860604,162.3730319,0
125.953125,,-0.13548317,0.1697671,2.731605351,18.28533701,8.762800682,87.11362796,0
113.90625,42.49364612,0.29694587,0.248891936,17.30100334,48.91027926,2.738445149,6.275665932,0
106.9375,40.03470174,,1.482209258,2.360367893,,8.821718097,93.1796507,0
115.9765625,43.47439348,0.285260444,0.319499468,1.268394649,15.42591653,13.3805038,185.8063944,0
98.09375,43.00879952,0.68491027,1.115615204,7.115384615,38.87031518,5.314398251,26.44545656,0
135.28125,61.24208335,0.023952546,-0.737789228,2.005852843,13.55130716,10.15700663,134.5639519,0
118.2734375,41.5851376,0.260981863,0.825794937,1.876254181,14.40252921,10.14875828,125.6739403,0
116.3828125,56.73790084,0.182543451,-0.558336941,1.64548495,14.20895443,13.45248099,,0
107.1953125,36.3481556,0.654533512,2.941114165,1.051003344,11.4011635,14.54451175,258.2200493,0
109.0625,46.82643317,0.290887949,0.242398755,4.217391304,23.74349899,6.858220193,51.48468978,0
128.828125,51.29664179,0.116606257,-0.188586242,6.321906355,29.00122628,5.546768247,32.960998,0
117.859375,46.80790771,0.187290241,0.380418282,2.495819398,,8.636510759,81.59673752,0
97.203125,46.54741524,0.589645195,0.447785548,4.284280936,21.98314466,6.866966133,56.913323,0
91.4140625,38.35189193,0.516893224,1.851243238,1.579431438,12.18336268,12.4908522,,0
120.03125,55.15148705,-0.121200047,-0.361874096,3.170568562,18.3006571,7.026262799,58.5223561,0
83.0234375,55.80385079,0.931031235,0.419404734,26.30434783,68.48190944,2.355388486,3.794600271,1
96.9609375,34.5476126,0.39659257,2.817613445,3.075250836,21.77455995,8.096708938,,0
120.265625,55.93934835,0.247771206,-0.567735327,,19.06037379,6.928083183,57.48601224,0
114.8984375,43.00360447,-0.055581733,0.616193316,2.448160535,16.68069664,8.514209825,86.06030505,0
120.234375,49.39848878,0.069722389,-0.142185403,,24.0480448,6.143058143,42.68454634,0
130.828125,45.27349345,0.027897723,0.028332998,2.072742475,15.58289602,9.951047663,117.537957,0
136.4453125,51.59954103,,-0.376820445,3.307692308,18.63226176,7.853563279,75.07527618,0
118.3359375,41.62843029,,0.980897334,12.35117057,43.93108494,3.742814225,13.25971917,0
121.84375,53.58615106,0.139425498,-0.503300854,32.60535117,54.60369324,1.977399488,4.032597007,0
54.7421875,32.33763435,3.345038285,16.48487023,32.77424749,59.42004441,,2.44146281,1
,37.31158313,0.59657018,2.196855376,2.22826087,16.90561752,9.670972657,105.4808905,0
139.9921875,49.43785494,-0.106006068,-0.038200009,1.087792642,11.73251855,13.7933001,230.6975671,0
128.6484375,48.70343767,0.051290501,-0.394813634,0.93812709,13.18841533,15.23245522,243.1387517,0
123.8515625,52.51905753,-0.091173338,-0.248606521,1.709866221,16.4186024,10.38594232,115.4054633,0
72.3671875,35.22469639,1.072200278,4.453463589,0.663879599,11.31285413,19.3715335,400.0012132,0
122.171875,55.31106769,0.139387928,,3.424749164,25.43343708,7.656360146,58.74730847,0
110.4453125,57.88266804,0.126798257,-0.747703976,2.072742475,15.73417003,9.862570025,111.5193689,0
124.53125,47.20681517,-0.116539754,0.259115055,4.403846154,25.72071414,6.578057504,46.23590602,0
124.1484375,53.55897594,-0.001087461,-0.545208194,1.72826087,12.33569896,11.80497758,185.1615666,0
125.6484375,50.97572796,0.043976948,-0.117060212,6.495819398,30.49171963,4.963601472,25.27881588,0
,46.48349986,0.749401537,1.203803939,2.193979933,13.22069539,10.16762964,142.6162747,0
11.140625,25.69524955,8.069522046,68.10162173,75.83277592,70.8948215,0.781355646,-0.152781378,1
116.1484375,43.91257114,0.149433145,0.509637818,1.994983278,17.89625365,10.46499324,118.2026094,0
110.1640625,40.31318359,0.582053692,0.70719171,3.343645485,18.43794985,8.03880159,81.1828942,0
93.828125,34.49028608,0.53765371,2.632332116,1.097826087,12.76018691,13.72581184,211.7186795,0
113.9140625,46.45461955,0.247865413,0.123506818,4.049331104,23.92417805,7.235117196,57.26755944,0
120.75,54.51132337,0.066978581,-0.519452701,10.74331104,40.7830359,4.022629262,15.82401846,0
107.9375,42.31979258,0.368946802,0.382935167,4.381270903,22.27976834,6.071332641,41.89320995,0
105.296875,44.86983943,,0.119984702,28.14214047,67.50919568,2.138414375,,0
114.4609375,45.39512335,0.378695764,0.546649754,3.054347826,22.73652101,8.107039582,68.25841353,0
121.8671875,51.83271938,0.00853465,-0.136070952,3.426421405,19.65855114,7.625459037,65.2351389,0
107.09375,37.85425123,0.336808205,1.152894169,1.090301003,11.0354494,14.9502282,277.88861,0
130.5703125,45.36048039,0.344627607,0.434069895,2.030100334,17.43911809,11.13919437,137.137244,0
28.1953125,39.21376883,4.269629379,18.15426232,,85.64720648,0.095444496,-1.358247918,1
111.78125,53.08144354,0.409064701,-0.366439749,2.64632107,14.35297371,8.573250312,103.4513062,0
,51.57016752,0.146369497,-0.20465776,1.748327759,15.60253728,11.5225507,149.5665519,0
109.4453125,,0.318700037,1.468051559,2.954013378,18.83750419,7.440288156,62.18273885,0
125.265625,55.52202327,,-0.322379496,4.654682274,24.13802257,6.737697991,51.01813049,0
105.5390625,43.05681246,0.409350924,0.861185051,2.33361204,18.46550361,9.30634306,94.68979972,0
57.0546875,30.85634776,3.741482086,19.3972126,64.13628763,75.11738186,0.92067286,,1
30.7578125,37.8528702,,18.43807325,78.95652174,60.87601674,,0.360160547,1
132.1640625,48.95418415,0.037562965,-0.205432264,1.782608696,16.22288008,10.95745252,,0
111.359375,39.6405203,0.575477852,1.432086298,7.366220736,32.05612234,4.723012368,22.63979899,0
101.296875,39.43395574,0.390053688,,4.925585284,26.32242163,6.086053659,39.11620774,0
117.84375,50.81314383,0.240078325,-0.091642445,2.192307692,13.60994402,9.796828651,131.0659416,0
93.0625,47.28433772,0.57422481,0.661852816,2.863712375,18.26479299,8.194469075,77.13566336,0
190.421875,59.10644653,-1.517158668,1.497580478,95.71989967,97.75450946,0.058366206,-1.964997899,0
121.34375,50.99194751,0.537129178,-0.159581261,2.954013378,15.87188652,7.737467406,78.70738141,0
151.875,42.18689814,-0.352699205,0.830748769,6.826086957,29.52086482,,22.20304685,0
103.4375,41.37042082,0.527957554,1.050620415,3.465719064,20.94884665,7.620260699,65.66211532,0
93.25,36.22801057,0.57210499,2.247330641,2.183110368,13.73016657,9.692628589,125.8549055,0
143.3828125,54.42169275,-0.141207116,-0.51353208,4.170568562,20.56877695,6.637932379,,0
111.171875,54.72189766,0.534011147,0.192103715,2.683946488,16.19412265,7.991147465,80.9703232,0
26.09375,34.61516952,,28.01368971,26.01505017,52.61960201,2.345710271,5.245282211,1
111.296875,43.04491829,0.350618713,0.36261467,2.719899666,16.15697366,7.864669685,78.34011173,0
121.3515625,41.30499929,-0.056845358,0.778311305,6.205685619,29.75352206,5.066360719,25.97466814,0
124.1640625,50.18104369,-0.1343068,0.140015149,2.070234114,16.88967002,9.55470469,,0
129.4609375,51.84771908,0.097801521,-0.17631789,1.074414716,12.3100408,14.03786226,224.8662321,0
107.3359375,47.35607758,0.313039445,0.258938877,7.009197324,29.92980778,4.514383907,20.62151982,0
120.1953125,45.61524872,0.212942978,0.368716404,1.325250836,12.19574455,12.46321904,195.5893166,0
112.0859375,51.58564289,0.186948897,-0.04431017,1.464882943,11.25248115,13.33689543,242.1249619,0
101.6640625,42.11095414,0.060506612,0.833298374,1.976588629,18.67105106,10.40860435,113.1377025,0
125.3203125,39.17686929,,0.893916279,1.259197324,14.12751439,13.63278983,200.5690501,0
126,,-0.125898616,-0.581299512,3.882943144,21.47826178,6.612404386,50.13722315,0
125.5859375,53.9793837,0.041522403,-0.695910037,9.597826087,38.11647738,4.447054216,19.57499547,0
113.578125,53.35459349,0.180254208,-0.22653219,2.551839465,19.05768803,8.644840771,81.47557378,0
125.9375,46.2646514,0.107005065,-0.164935747,4.444816054,22.58146452,6.437450464,47.08854609,0
120.859375,42.47733483,0.425839479,0.902152087,3.030100334,,8.081578044,77.06214109,0
117.875,51.08953538,-0.091319882,-0.268881483,2.075250836,12.37672414,10.73626943,167.1630437,0
115.5,50.61018302,0.374200473,0.022274776,17.93311037,50.67257219,2.725885786,6.130825277,0
118.3125,50.26628312,0.076515625,-0.338294276,1.098662207,12.71702431,14.02465778,220.0088637,0
115.4296875,57.34771731,0.363575505,-0.466395005,4.099498328,20.77396991,6.628306444,50.68111692,0
109.140625,33.36440243,0.44022837,2.392232495,2.336120401,18.28145065,8.746408167,82.49453664,0
117.3203125,52.41122458,0.132405213,-0.448711502,5.716555184,34.58687032,5.925867507,,0
104.484375,42.60703147,0.376584942,0.97238059,,15.45345627,11.70192737,150.3493993,0
124.5,57.35361802,-0.014849043,-0.550963937,4.783444816,27.50164045,6.090448645,37.81809112,0
108.2109375,42.35815527,0.337915427,0.802345146,,18.81102958,10.63971061,117.831193,0
105.96875,42.85275252,0.582507876,0.924778828,2.12541806,19.69600038,10.16590541,106.9360205,0
,52.6283071,0.067857282,-0.492522577,4.382107023,24.80536908,6.734455255,49.05432622,0
117.515625,44.53509578,0.167654399,0.705386836,1.028428094,12.82298552,15.19482489,258.5370531,0
97.4375,48.1460587,0.651117268,0.310155845,2.709866221,16.54497073,9.707658304,114.8785537,0
101.6015625,42.99006787,0.320579833,0.741265168,1.825250836,12.46206543,11.43850829,176.4476366,0
99.7109375,41.83116219,0.300131714,1.013924693,3.357859532,18.72577222,7.234314255,61.07247101,0
125.15625,53.03130524,0.288845143,-0.228519922,3.605351171,24.86639426,7.28951026,54.61062014,0
124.90625,46.0835582,0.242654966,0.425353849,2.946488294,,7.916961183,74.50910646,0
115.46875,36.59809966,0.334340886,1.088236763,1.069397993,10.4616372,15.38760427,312.7916716,0
122.6796875,50.10659475,-0.092761106,-0.223850373,28.69397993,55.71631439,1.78177496,1.98616619,0
65.1640625,50.64564044,1.990829783,3.713695014,56.56354515,,1.142132668,0.006204287,1
104.8984375,40.32404677,0.392228212,0.981570441,2.818561873,15.43363254,9.011347675,109.6901389,0
128.9921875,43.86529381,-0.123247103,0.449497293,3.314381271,20.58662651,8.210722182,75.64785365,0
137.5625,42.9535996,-0.075828897,,1.739966555,12.66094149,11.31093528,169.9917998,0
128.34375,52.17210664,-0.049280401,-0.208256987,2.173913043,12.9939472,9.965757364,141.5100843,0
126.1171875,49.65248312,-0.110294225,0.038250008,3.512541806,20.30616024,7.331779083,60.89490157,0
106.2421875,39.05559861,0.434564964,1.257038584,7.837792642,33.49732346,4.70164963,22.50668121,0
103.9140625,42.31892074,0.23701796,0.423446564,,18.30270431,8.734986337,82.08935303,0
97.1015625,46.94125981,0.546027089,0.596783814,2.27090301,17.38051006,9.106240661,95.4881625,0
93.8125,45.34154242,0.565485773,0.745218331,0.621237458,9.998303392,19.92312867,436.966681,0
68.359375,31.90849573,2.165211405,9.422734163,11.73662207,41.62216612,4.044943826,16.25307424,1
66.3671875,39.47722268,2.048419995,7.171228861,5.870401338,30.94448195,6.077353527,37.481793,1
,47.51405014,0.103299387,-0.183673123,1.277591973,11.40299495,13.74314832,244.0273259,0
61.828125,35.58003947,2.179119289,8.942227009,31.31270903,59.54490904,2.096319587,3.684103858,1
124.546875,44.01719468,0.034330851,,1.940635452,18.53169537,10.81290184,122.51317,0
102.234375,50.61735812,0.312209771,-0.200825282,3.691471572,23.71981717,6.903097234,49.37017923,0
92.2890625,46.16802741,0.44332141,0.284898075,2.238294314,19.56681987,9.854371439,101.9330536,0
99.8359375,52.97328002,0.708388617,0.425973637,3.719899666,23.1479025,7.132805595,55.07981614,0
52.96875,31.44636741,3.410426087,16.8392536,41.16889632,67.29030281,1.648879653,1.635625493,1
114.8828125,49.6708889,0.349870467,0.448026705,1.237458194,12.65031897,13.09385309,202.3249457,0
81.96875,40.35640777,0.762235361,1.876498648,1.810200669,15.06546238,10.71296413,131.9510435,0
118.5703125,46.54663045,0.030306021,-0.058225497,4.846153846,25.8156199,6.290889126,42.01990703,0
134.7734375,51.79771575,0.006830879,-0.548300383,2.242474916,20.11305177,9.429413769,91.15813095,0
32.59375,40.18909163,3.692951573,14.98795802,40.1145485,63.57220967,1.456445694,1.104743366,1
102.0703125,44.46894696,0.565630354,0.631631705,3.336956522,20.27526308,7.20057658,57.30350342,0
86.203125,43.35957207,0.599750783,,2.401337793,17.09156332,9.492074219,104.0046684,0
134.2421875,58.57056989,-0.160566708,-0.593484133,8.274247492,35.33956217,4.606866882,21.20791334,0
138.09375,54.32403323,-0.276243522,-0.251373854,86.85117057,81.51089709,-0.103733106,-1.936211824,0
142.390625,49.92920525,0.094261925,-0.2255565,2.97993311,16.32455929,7.91881939,80.76586897,0
144.3515625,50.92850225,-0.287337519,0.080334767,0.629598662,9.457036815,20.37332953,482.6043187,0
19.75,28.83221939,6.899093412,50.20681093,84.64214047,74.34011168,0.666799001,,1
137.9609375,51.88545111,-0.04851795,-0.309642471,4.203177258,23.94900568,6.531796387,45.86668775,0
112.5,54.11388454,0.23569171,-0.213213244,4.407190635,21.1545258,5.857611101,40.55435073,0
,37.43707937,3.789654194,17.40835227,37.30434783,62.85762711,1.726342662,2.207774532,1
143.7421875,47.7652538,0.045200303,-0.275533582,176.9899666,78.62486543,-1.393412865,0.547924875,0
30.671875,29.75528035,4.833092002,29.25412118,17.56103679,46.31627985,3.260513515,10.76072703,1
104.6640625,45.59233031,0.615416755,0.991965033,1.743311037,,10.9079964,,0
136.8828125,,-0.237227963,-0.306039558,2.051839465,17.38528541,10.63260503,123.0040784,0
110.5390625,52.94246617,0.534283803,0.308641721,7.302675585,34.96133114,4.915369256,23.49618778,1
89.2890625,59.40961522,1.138659189,0.507889889,68.33361204,84.08348042,0.787360707,-0.845856504,1
98.0078125,43.60520613,0.55060811,1.294496906,4.053511706,26.4210279,7.044363412,50.97685576,0
122.0859375,51.79482167,0.506425526,-0.173389957,2.47826087,17.91722968,9.028766623,91.43250993,0
98.453125,43.74836772,0.55690376,0.545368928,1.401337793,14.52789261,,186.5619246,0
116.625,52.40765688,0.119322934,-0.147561181,3.747491639,20.40082755,6.610455004,49.70867012,0
40,36.26896056,4.300105986,20.39031592,72.85618729,71.37776501,0.55366437,-0.602633589,1
129.375,60.30210403,-0.14220215,-0.532189049,0.943143813,11.89615511,16.10944959,291.8992255,0
23.4765625,28.22619706,6.111068801,41.38180222,47.02424749,,1.435898641,1.467188043,1
116.671875,46.00867944,0.27486252,0.610120341,2.466555184,14.48646186,9.081120276,,0
92.921875,44.8954705,0.638107382,1.436253927,2.053511706,12.76408577,10.48362997,153.5699653,0
74.1171875,51.94763305,1.738493959,2.645528543,9.326923077,35.35424141,4.593520548,21.91707398,1
96.4921875,45.12465306,0.450415597,0.574901479,4.62541806,28.23039153,6.592387409,44.23308754,0
108.5625,41.94616155,0.4248994,0.925716601,1.446488294,12.94319901,12.09497299,177.1178354,0
113.8359375,46.90845096,0.357534727,0.512981196,2.309364548,14.07123347,9.731678452,,0
126.0390625,55.62449471,0.272470026,-0.567775786,3.638795987,19.26031756,6.843022688,55.29454947,0
95.109375,40.59965255,0.644926047,1.41782129,10.07943144,36.98003454,3.771161007,13.78681426,0
102.09375,43.12145592,0.229963071,0.579068327,3.007525084,19.85539134,8.397644023,80.93624595,0
95.9765625,42.64744,0.668684926,1.214209783,9.002508361,36.11794355,4.245114784,17.78556762,0
66.078125,52.10395399,2.257081435,4.738070151,79.29264214,107.4318232,0.640118738,-1.550670386,1
95.4921875,34.64620201,0.552427893,2.654725168,1.891304348,,10.13990573,124.7395667,0
89.71875,40.07491763,0.626594595,1.336683317,11.2583612,49.04440659,4.137390835,15.1676587,0
79.25,42.15095639,0.735369099,1.681556171,3.343645485,19.62222142,8.16699624,,0
122.375,,0.24141342,-0.050158237,1.355351171,13.3511231,11.90943063,165.2260045,0
101.859375,43.08036356,0.471081166,,3.242474916,17.86135948,7.437448745,66.72946231,0
105.65625,47.59832545,0.341087138,0.078890076,3.163879599,20.23610386,,55.11081835,0
139.25,51.31505018,-0.139680069,-0.540490784,5.561036789,27.75520898,5.551499827,32.12548785,0
124.75,41.86585721,0.167914857,0.805688488,2.336956522,15.26760201,9.295007318,108.3499005,0
99.0234375,46.7609387,0.251837665,0.172399833,5.331939799,29.28785776,6.063041918,37.83999618,0
118.046875,52.16632944,-0.008142931,-0.398918529,1.918896321,11.96130652,11.75701661,194.7593153,0
89.7578125,45.67681067,0.96405992,1.841149022,4.777591973,29.49639794,6.256716043,,1
123.984375,50.93301121,0.062510953,-0.336761047,2.307692308,,9.043654942,98.9116903,0
104.2734375,,0.242374645,0.583530523,3.41722408,18.61080002,7.916057485,75.48679081,0
105.171875,50.41408369,0.258186156,-0.109551179,2.430602007,15.57346491,8.842649199,97.17444169,0
104.140625,,0.401639514,0.023426829,7.556856187,33.46029362,4.558778526,20.31377882,0
96.421875,48.30625111,0.243269235,-0.179898575,6.825250836,34.14449521,5.250675546,27.3930542,0
122.1171875,51.45653826,0.058075427,-0.174187285,3.045150502,20.49617718,7.717871574,65.30845002,0
109.3125,46.68022032,0.327221638,0.331715363,4.035117057,23.07086156,7.05660261,54.69382637,0
35.71875,29.07773458,4.708403361,28.98823949,21.50919732,49.46086337,2.825261509,7.993791898,1
138.8671875,52.91508101,-0.052727378,-0.439758435,2.607023411,20.50065871,9.16046532,89.55772872,0
17.7578125,30.80882232,6.086458241,38.24254145,102.8294314,,0.327265139,-0.507486595,1
137.0625,52.2942023,0.32306112,-0.363090371,2.301839465,13.23387629,9.741955376,135.1484222,0
113.0703125,55.56853645,0.30338693,-0.321187389,2.828595318,22.07405941,,81.56462232,0
32,34.03146522,4.652769143,24.41458478,32.15133779,56.69458168,1.968229065,,1
126.03125,55.24108207,-0.022869479,-0.55910988,2.053511706,13.34324874,10.2890452,142.8145146,0
89.5078125,38.96793475,0.445967728,,0.756688963,,18.13935562,385.3595157,0
124.9140625,53.40617171,-0.026207224,-0.480710512,5.143812709,28.44888134,6.00830816,36.98609905,0
148.3828125,51.200757,-0.113195798,-0.50223559,1.408026756,12.08791939,12.5121354,201.1278905,0
117.734375,41.68716911,0.18508554,0.727627952,16.01588629,56.63130109,3.274279876,8.807329227,0
48.859375,32.71222401,4.292333086,22.99204784,23.60953177,52.01613021,2.531317876,6.1075161,1
89.8359375,45.549214,1.208151489,2.514956561,3.89548495,26.66781181,7.326969664,54.73208775,1
82.0546875,59.29814876,1.202599271,0.727364174,0.289297659,7.4488166,33.4897547,1140.353233,0
106.140625,46.52515018,0.278292263,0.399322336,2.677257525,14.09663915,8.932579779,112.4373179,0
123.4609375,51.50135046,0.144206607,-0.477930449,4.114548495,25.53899417,6.544250543,,0
106.328125,42.29197423,0.376481817,0.456242945,2.663879599,15.10008083,8.545661478,97.61003618,0
130.296875,43.72452104,0.239299953,0.773894519,3.327759197,21.93898346,7.633627793,63.68797889,0
106.3046875,48.09309959,0.160777197,-0.047523208,3.382107023,23.97975695,7.833923897,64.30588121,0
103.015625,39.34164944,0.323328365,1.051164429,3.121237458,21.74466875,7.735822015,63.17190911,0
38.53125,37.39734648,4.364529648,19.87977135,61.35367893,65.38255954,1.372809961,0.924363483,1
136.828125,67.33650447,-0.257777961,-1.276375441,0.962374582,8.426909183,23.74263815,691.1961738,0
112.9375,50.85407278,0.523728882,0.144431169,2.931438127,14.7412572,7.848661103,89.5988293,0
132.4140625,46.74941967,-0.227629633,0.366542276,1.871237458,17.27778579,11.21566444,139.4504771,0
111.046875,55.87833594,0.475889269,-0.47790821,2.494147157,13.63508407,8.830598416,115.5407271,0
114.046875,51.37999662,0.070584787,-0.390970697,,21.07544675,8.274055422,72.87684789,0
123.796875,48.91436384,0.144773309,-0.332363815,2.956521739,19.00725392,8.1534843,74.82498178,0
37.5625,31.29615342,4.85183203,29.80988336,27.19565217,64.7975508,2.386364229,,1
83.359375,34.93760831,0.770642411,3.047239246,1.439799331,15.81722172,12.08712904,152.9470044,1
93.109375,44.74218409,0.445701285,0.627064081,3.89632107,24.20945985,7.293155002,57.23818737,0
108.8125,43.17546866,0.523029942,0.810789972,1.023411371,13.29770218,14.16291254,213.9702623,0
104.53125,48.5986332,0.569887329,-0.040821328,1.313545151,11.07995496,13.99479984,260.4951494,0
151.609375,43.88234169,-0.263480604,0.266983591,1.391304348,13.97450107,13.10261157,196.2178094,0
125.4375,61.05987712,0.250845506,-1.077391056,12.51672241,44.76171271,3.609944226,11.92816347,0
111.9453125,50.53654442,0.198879212,,8.694816054,36.99868487,4.58813153,20.76882375,0
147.6875,40.10956674,-0.108300328,1.084614457,5.440635452,23.99983948,5.482917942,34.87150251,0
,44.39864852,0.565402637,0.674077925,4.106187291,,7.106313501,56.82229792,0
88.4375,35.30420257,0.587264944,2.547754085,2.371237458,13.83004734,9.13150326,,0
76.0546875,48.4383159,1.556953438,2.913279964,15.24414716,44.70096395,3.087893349,8.995598149,1
7.0625,33.6288915,5.835200668,34.93484417,111.8444816,57.00518572,0.813399064,-0.126617647,1
120.4296875,52.59109412,0.1736244,-0.110134822,2.77173913,18.71236881,8.807277191,86.37173881,0
117.90625,44.92501348,0.440930812,0.31289228,11.50250836,40.27764213,3.569731437,11.96257793,0
48.7265625,34.17480679,3.856358892,19.61184642,21.82023411,52.39793671,2.777641658,7.23326483,1
123.296875,35.4721192,0.227696536,1.902093625,13.2867893,46.81464403,3.495187112,10.9672149,0
113.9453125,41.09199066,0.429627298,0.814176102,1.694816054,16.38835768,11.20334895,,0
110.6640625,43.05561036,0.064254158,0.519678144,22.95401338,58.57772522,2.325276941,3.811033029,0
128.8828125,48.80359571,0.188491664,0.031535814,4.260869565,26.40402904,6.967467628,50.25393304,0
17.4375,28.46784096,6.776964762,48.40094904,71.68561873,55.56210025,1.501304,2.025067411,1
111.203125,51.14491656,0.124910557,-0.105265874,1.700668896,12.76638692,12.26106325,188.4904163,0
23.6484375,33.73786584,5.600685729,32.52986595,113.743311,71.96415517,0.187530741,-0.65888801,1
28.015625,36.91036109,4.451623513,20.31296639,61.26755853,65.15805572,1.226451381,0.722550333,1
21.6796875,30.53428749,5.876555783,36.83901532,45.02508361,61.51146158,1.514671247,1.720126594,1
113.765625,48.30251099,0.412942995,0.136884629,2.847826087,18.21008726,9.441936144,102.5185698,0
122.28125,51.49073604,,-0.332310115,17.95735786,54.00240631,2.802043815,6.22985343,0
125.3828125,49.38704301,0.161806358,-0.30108458,1.607023411,11.47526426,12.68620902,223.5853785,0
94.6328125,47.2053147,0.632996106,0.624554517,2.466555184,15.62338051,8.914768563,99.34845635,0
115.6015625,45.29147613,-0.122437959,,40.8770903,76.91356468,1.370946915,-0.063389428,0
143.03125,54.0274724,,-0.378515379,2.122909699,12.95338092,10.27348222,148.5529733,0
96.8203125,36.83863325,0.702231884,2.073837817,2.630434783,18.26524772,8.574218055,84.52488334,0
93.6015625,43.09661019,0.497970085,0.757647993,2.967391304,17.25714743,8.0893284,79.31835308,0
97.4375,44.45270485,0.405467901,0.212829422,4.890468227,24.43386835,5.403506145,30.78243085,0
119.109375,46.4181461,0.308951068,0.88210259,3.18729097,22.12725522,7.596303625,59.98604912,0
100.6640625,50.37302684,0.174166827,-0.047649216,2.872073579,16.61202538,8.49188416,,0
99.2578125,34.46403154,0.556910822,2.619977976,4.038461538,20.78932046,6.919616448,58.08859014,0
91.59375,45.98376709,0.300605411,-0.101055003,2.293478261,19.89235221,9.144171542,86.47109308,0
130.5234375,54.21988865,-0.007444654,-0.349062576,2.927257525,17.86784147,8.244006197,,0
123.875,49.46494971,0.323084373,-0.28700591,2.504180602,15.02531251,9.346737215,110.389109,0
112.0859375,48.61552404,0.118879921,-0.106302217,172.1730769,56.24569231,-2.077251034,3.661724553,0
,56.04677645,0.083978014,-0.407412165,5.556856187,26.49561606,6.135310694,41.80161145,0
85.6484375,36.73587948,0.573283592,2.561399823,,11.91146256,11.89796532,196.2721099,0
93.5546875,42.5717792,0.410201346,0.988715347,1.139632107,12.1412975,13.20894856,208.7225482,0
98.078125,50.43306352,0.678554487,,0.91722408,9.776978163,18.28692566,,1
134.515625,41.34175106,-0.132022037,0.446548175,2.724080268,16.3331983,8.738315131,94.09452416,0
106.8515625,48.63866933,0.319317467,0.548142414,1.491638796,13.83161145,,180.2984337,0
113.9453125,46.24751828,0.335409488,0.378204006,5.216555184,23.28385463,5.319012601,31.61742693,0
108.9453125,42.97315815,0.20673623,0.190987296,1.504180602,13.82230092,11.88448975,165.1829732,0
117.375,46.45781016,0.22431432,0.251194528,1.154682274,10.12490488,16.10765448,348.1374308,0
18.765625,45.88785317,3.575489014,12.36521482,147.6220736,66.28125676,-0.376736874,-0.90735235,1
131.3828125,56.27362297,0.154838731,-0.307071073,2.174749164,15.99049878,9.846662808,,0
15.1796875,34.18251417,5.571016831,32.60214562,,61.85713432,0.5497033,-0.02998197,1
113.7578125,45.04507224,0.305346767,0.268854228,1.627090301,15.90239045,11.66790282,150.7517606,0
117.65625,43.83766886,-0.167414828,0.242943728,1.212374582,10.86501461,14.63082058,280.8028754,0
116.890625,48.57279241,0.088910591,0.088698766,2.06187291,17.52779497,9.677444037,101.5872874,0
111.1953125,44.15297601,0.434318777,0.209941692,2.652173913,,9.199513421,88.17385086,1
113.9921875,55.27071106,0.362136524,-0.205819568,14.68645485,45.5130124,2.952687582,7.315024144,0
148.7578125,43.79011484,-0.193741173,0.200557529,2.555183946,18.46553687,9.049389373,91.26546048,0
,38.08619952,0.545576069,1.951102266,2.027591973,14.88355272,10.89396692,146.7566025,0
117.046875,51.97728761,0.175155919,-0.223755887,3.091137124,15.97387777,7.50088876,76.03836498,0
97.1640625,51.1773536,0.313095058,0.035225063,1.964046823,15.07621258,9.681860492,112.2816926,0
,44.11272002,-0.174149285,0.366123308,94.38879599,90.59676828,0.024285232,-1.834736247,0
104.2734375,52.6755569,0.326737781,-0.214982942,3.191471572,23.1997858,7.854307038,64.40160976,0
108.5234375,43.48975541,0.410858152,,2.230769231,14.56568296,10.82791543,146.6232755,0
110.859375,49.64006924,0.330472948,-0.175372911,1.153010033,11.955009,13.40160592,219.2737808,0
135.4765625,52.48273002,,-0.346712294,4.786789298,29.01315339,6.432424633,41.75844527,0
107.609375,44.30332845,0.43045373,,2.719899666,16.18794212,8.833327598,98.69244621,0
103.7421875,42.45976884,0.216400606,0.931934396,0.943143813,12.42617443,15.00222279,246.4260744,0
130.03125,51.30423007,0.005599218,-0.100253398,2.595317726,17.92813911,9.490378828,103.5670226,0
110.5703125,49.35817492,0.44540815,0.317074523,1.711538462,14.11371285,12.02033969,178.7261166,0
91.921875,46.12832125,0.358996864,0.112206784,3.316889632,22.25530073,7.557062234,61.90359025,0
125.5703125,49.72073316,0.119478581,-0.177736159,6.440635452,33.26058542,,29.46260634,0
64.2109375,29.44503681,2.563082588,13.72383566,4.237458194,27.70059949,6.855086962,47.10322919,0
126.4296875,53.59799489,-0.064292269,-0.329968185,5.454849498,25.31788801,5.615750011,35.4220699,0
115.640625,49.90533764,0.473500826,0.308050886,1.448996656,11.07151762,13.61811334,254.3067925,0
105.1328125,52.49187007,,-0.096515764,1.387959866,15.02611958,12.34532126,,0
135.8671875,55.5512673,-0.057914854,-0.549744114,3.138795987,18.25632616,9.25747357,104.2264039,0
88.375,37.11700251,0.420997999,2.133087804,3.539297659,17.8209497,6.716827282,56.57912882,0
121.59375,43.27518008,,0.092802937,3.001672241,23.10178142,8.092079331,66.89800856,1
136.8046875,52.82297361,-0.026834284,-0.344428516,2.031772575,13.86264418,11.63219561,173.1168239,0
131.0234375,45.4645234,0.15033823,0.266608668,2.563545151,19.96137932,9.069625761,87.70197138,0
119.828125,51.19541443,0.550760467,0.117346537,2.401337793,15.40841314,11.05585892,149.5561757,0
50.0859375,40.40343955,3.151907528,10.66543747,16.43394649,46.4274507,3.14661767,9.575655105,1
87.109375,,0.656423218,1.437604011,1.18812709,10.77726268,14.97911032,289.3189647,0
106.828125,52.50343878,0.379892357,-0.145018297,0.780936455,10.45017664,18.055405,376.5960872,0
109.2421875,43.19048399,0.247524581,0.626773683,2.290133779,17.72047744,9.158574893,94.64273055,0
,54.13083143,-0.007230668,-0.551288359,1.769230769,12.60575026,11.64862912,179.5236467,0
78.796875,36.16333593,0.906109903,3.451977641,6.609531773,31.70627966,5.043357316,25.39256268,0
107.5625,49.41276246,0.512646211,0.315114458,2.076923077,13.27037221,10.23186334,141.483368,0
106.5703125,46.54478415,0.0491401,0.119026989,,27.29860943,5.195282085,28.60716452,0
,37.46562797,0.788502386,2.493464561,2.008361204,12.84776819,11.56207286,179.2771844,0
132.9921875,50.52884326,-0.057066617,,1.454013378,13.3841015,11.35694896,155.3946614,0
20.484375,31.26399296,5.917498105,37.2119748,47.95401338,64.48740816,1.30631509,1.035232369,1
123.6875,49.31796548,-0.002264451,0.218708063,6.730769231,31.65474423,5.074507002,26.22958864,0
142.7734375,47.31563148,-0.250177008,0.189304009,7.439799331,32.07071338,4.76709962,22.7987271,0
133.1640625,52.98198063,-0.132383847,-0.49394484,27.84448161,66.77087985,2.141015131,2.898545592,0
123.8046875,49.98610097,0.185460353,-0.175452539,1.276755853,10.58179614,14.88444787,299.2735784,0
131.21875,54.61226074,-0.094982163,-0.495174556,1.860367893,12.32223707,11.81254178,190.1272228,0
125.0625,47.30168304,0.040311319,-0.17644764,1.20819398,12.07207867,13.55291836,221.5006358,0
156.3359375,42.88671074,-0.587042198,1.003826919,2.244983278,14.85811434,9.430141452,114.0481968,0
117.2421875,52.80221736,0.217252967,-0.367926062,1.358695652,12.47851396,13.0676726,204.3573271,0
92.625,,0.501778173,1.248359552,1.906354515,17.95026368,10.88870812,125.6053695,0
125.7890625,43.31888523,0.201923521,0.238034242,2.530936455,17.75633702,8.616764718,83.8973903,0
81.375,38.31815823,1.329683713,3.939896618,21.26588629,49.08861219,2.464339505,5.216196823,1
105.265625,36.1724352,0.360280313,1.910209047,2.556856187,15.69342399,9.751282302,125.108647,0
144.109375,52.10269822,-0.036856524,-0.35214816,1.777591973,14.05236383,12.31956599,180.8908169,0
66.4921875,36.70745754,2.422071693,9.505038839,23.47324415,56.76133912,2.425321018,4.736399966,1
117.765625,46.68335564,0.319175321,-0.14365135,1.85367893,14.75500578,10.7739755,138.9715447,0
26.921875,34.5110058,4.709838436,24.24740042,183.6229097,79.93281529,-1.326647481,0.346712101,1
130.8203125,47.19994597,0.004884098,-0.03042692,2.418896321,14.78715017,9.703438283,123.838408,0
,41.42914461,0.673602698,1.860403322,1.790133779,13.10532084,11.32402404,163.2543221,0
136.546875,49.71133224,-0.104215901,-0.354066935,6.494983278,29.24585798,5.637335418,33.82239285,0
128.0859375,51.75317432,-0.057704806,-0.226122238,2.87458194,16.90538265,,91.80655837,0
68.6015625,33.67824313,2.140574032,8.983355212,,51.09879601,3.638970082,11.48002521,1
80.265625,49.91719462,1.335702814,1.542415013,161.1312709,89.00716963,-0.987236443,-0.597430422,1
139.0234375,59.96202768,-0.241032136,-0.713381389,27.37207358,65.97863384,2.144201215,2.88462045,0
120.2109375,48.30075898,-0.029001636,-0.16651707,6.942307692,33.7351357,5.043913582,25.01909999,0
110.828125,35.78453519,0.447838347,2.010040327,1.77090301,15.00950723,11.24407775,145.7791069,0
66.53125,40.78467419,1.935808738,5.267121879,152.0886288,73.37278599,-0.681893341,-0.41529506,1
112.59375,51.96880637,0.19315953,-0.173528989,3.119565217,20.21770934,8.668099492,84.25107669,0
116.1328125,49.18195984,0.265850813,0.536049005,,8.199738608,26.51021835,786.1189074,0
122.953125,48.51189599,0.133155724,0.039462386,0.688963211,,18.60030304,366.9451322,0
108.8203125,51.02518275,0.507466365,0.14980565,2.474080268,14.95903538,8.784109623,100.6678599,0
116.1953125,,0.130678035,-0.065056374,70.12792642,91.98248264,0.626674579,-1.481847264,0
8.25,26.94351731,7.879627678,63.46638835,48.65468227,58.2943487,,1.877476401,1
138.0234375,47.00057593,-0.003399628,-0.124024756,2.801839465,19.45344404,8.217551493,74.70399756,0
118.3046875,46.87992617,0.170991045,0.07393563,8.722408027,35.84554192,4.610579761,21.45382007,0
118.7890625,45.30653449,0.16031664,0.074881316,2.751672241,14.35524116,8.480384023,102.516153,0
,32.11964081,6.289581703,40.8103038,178.0158863,55.48960174,-1.501864763,2.143848564,1
115.6796875,,0.139859094,-0.367693104,79.16471572,78.32047913,0.012525377,-1.923058507,0
104.46875,49.46730889,,-0.094803479,2.026755853,15.99339182,10.00412717,115.1046407,0
106.1796875,48.58697639,0.057189523,-0.142287063,1.576086957,12.38296638,11.7559775,181.7040633,0
121.8671875,51.17133766,0.146216447,-0.309888346,0.630434783,9.489593498,20.25711163,475.7682506,0
124.6171875,46.86051795,0.263877979,-0.103966444,1.620401338,15.64675007,11.35299778,140.0272762,0
,40.67088755,0.503605896,1.020956135,2.743311037,16.98504646,8.268599511,81.86547457,0
35.9296875,31.31772252,5.326209326,34.02114558,22.63461538,50.46831954,2.669580267,6.700530685,1
,45.2199803,-0.064624429,0.168395994,28.57441472,65.28328017,,2.402393432,0
111.3125,34.41264984,0.528513179,2.228082477,2.759197324,18.74741117,8.134760746,75.58813601,0
108.4375,48.23068752,0.340958074,0.155307143,2.505016722,17.51394499,8.668192513,85.12860527,0
117.0625,39.78079585,0.292086726,1.251058688,1.927257525,12.77593995,10.63377623,154.8826502,0
71.78125,30.01898813,2.776655756,,20.20986622,52.92752604,2.772906057,6.809021685,1
89.3359375,44.80256643,0.771258274,1.143718465,3.89632107,23.76468291,7.015481231,53.4797851,1
12.4765625,,7.037477937,52.4585964,130.2658863,70.57405234,-0.176803256,-0.768255982,1
83.0234375,,0.76620027,3.220728396,5.429765886,,5.463177314,34.7873445,0
141.1015625,52.73960796,-0.19496283,-0.096257764,1.408026756,16.28315714,12.56677092,165.9726214,0
130.046875,46.99449093,-0.087587465,-0.148115654,1.336120401,,12.57440664,170.883504,0
116.1015625,42.33826576,0.156819789,0.386706583,1.040133779,11.01542221,15.35201556,287.3521665,0
103.234375,57.23600871,0.304007603,-0.345756828,1.189799331,12.99864656,14.76646217,248.7012379,0
103.171875,58.69333828,0.71884288,-0.269849039,1.157190635,9.1126565,19.52392313,507.656873,0
20.7890625,53.18814664,3.076011681,,148.9138796,57.34438102,-0.462904879,-0.098067083,1
114.828125,45.95855969,0.181624677,-0.098036358,3.314381271,,8.157144245,78.69905675,0
95.1875,45.52295952,0.58956359,0.281248617,17.45150502,56.16417784,2.935172463,6.72126795,0
93.46875,45.98215304,0.333211478,0.323680061,1.275919732,12.06403436,13.80627565,230.4949919,0
127.046875,62.17702291,0.05178759,-0.737899555,2.211538462,14.58281279,9.326137375,111.1501234,0
93.2890625,41.80706286,0.713220755,0.92033134,7.384615385,32.23545635,4.833313772,24.28980065,0
115.6171875,47.01564253,0.10692673,0.28489734,3.169732441,17.82895658,8.958878587,99.113848,0
112.90625,47.66131121,0.255053091,0.361006755,6.324414716,31.36760315,5.118292355,25.79879376,0
110.890625,47.11890451,0.320634984,0.411985422,1.732441472,13.20764136,10.67578014,147.5530061,0
106.828125,46.80363056,0.362124031,0.396458113,1.913879599,12.71044029,10.96734829,163.4672034,0
,41.35547521,1.667338589,4.096050525,3.737458194,24.97697203,7.24159125,54.59931547,1
126.1640625,51.96750447,-0.18679188,-0.146062183,1.738294314,11.0873352,12.73873147,240.5595545,0
143.96875,49.97685988,-0.265984734,-0.159250793,13.07274247,44.2860936,3.42019432,10.77303621,0
104.234375,49.66410367,0.313859893,0.094257539,7.935618729,35.33882867,4.490900033,19.34683135,0
131.0078125,,0.004799922,-0.365681362,,26.26419631,5.962152731,37.90942746,0
135.6171875,50.80002477,0.018803666,0.022932035,33.05852843,69.0162352,1.731884099,1.237843913,0
,52.27324484,0.074385316,-0.170913937,3.026755853,17.79554884,7.595710221,69.59905286,0
61.5,40.76590947,,6.74126845,10.90886288,41.62016758,4.234066704,17.59934858,1
138.875,,-0.300213412,0.151569164,3.110367893,22.8291867,8.141617207,69.30320942,0
,,-0.018505296,-0.386956026,4.825250836,25.04682033,6.456405703,46.19789357,0
,40.05268671,0.831761693,2.578330371,4.151337793,24.07141006,6.82881804,50.5864483,0
96.6875,38.94181357,0.688368812,2.509435254,6.176421405,,5.311122881,28.35052919,1
95.4921875,72.21344189,0.914116651,-0.488471048,1.329431438,9.808202663,16.6909318,385.0042553,0
122.9765625,49.74583287,0.348788468,0.204629904,2.170568562,,9.745379638,98.00767315,0
103.234375,46.0742411,0.25324901,0.286576737,2.066889632,14.49266476,10.03098509,124.0524089,0
130.921875,53.92205158,-0.082432573,-0.479785383,3.859531773,22.4687148,8.091708967,71.40279504,0
110.8828125,54.79501875,0.434842921,-0.213843634,1.803511706,13.33247429,,159.3946167,0
130.765625,52.47298179,0.097267191,-0.163546267,2.294314381,15.98123904,10.78479534,139.0383216,0
25.78125,29.41856809,6.394198085,44.77445582,26.16722408,55.69598074,2.412768104,5.322083979,1
61.7421875,40.98880299,2.703389945,8.953157374,4.964882943,26.22708468,6.711390042,47.79428822,1
150.4140625,48.73068966,-0.372389022,-0.060455215,177.5008361,85.62388099,-1.274871803,0.013041635,0
106.6484375,51.88954462,0.126490278,-0.266497125,2.719899666,15.00816852,9.204562012,116.7472031,0
76.9140625,36.93618385,2.570964167,8.845907679,21.83946488,51.94259097,2.693119868,6.889208363,1
123.0625,47.4856475,0.109090306,0.019944733,1.93645485,13.96678964,10.22278986,130.9273401,0
132.03125,44.31967282,0.394830725,0.729452981,3.239966555,17.47693486,7.985729992,81.67792345,0
128.4375,,,-0.550446851,0.535953177,8.33784207,25.28186372,733.9610293,0
109.0546875,49.4613657,0.335681502,0.092140616,0.928929766,9.343990925,19.62280224,479.6709644,1
116.1171875,50.17650426,0.277057466,-0.092537057,2.224080268,13.24789207,9.562574411,131.4580217,0
130.5546875,40.17983181,0.057906869,1.112812797,3.699832776,23.62363832,6.923276611,50.01652339,0
101.2421875,32.48046194,0.493414608,3.142470641,1.43729097,11.06004805,13.51909993,252.696845,0
130.609375,47.89200651,0.171916341,-0.184003146,1.02173913,10.88006349,15.49147137,294.8458018,0
110.0703125,37.87380023,0.002434542,1.471485646,2.876254181,16.41639622,7.526804972,72.00044829,0
80.8515625,42.48438865,1.727363029,4.155505222,18.74331104,52.96375201,2.858017126,7.055142648,1
,36.73999385,0.58461892,2.224200922,2.116220736,17.03726109,9.801239231,107.4657185,0
137.6796875,45.13537512,-0.073952731,0.371260995,9.213210702,37.35192203,,15.81340451,0
47.6640625,25.22005568,4.65537107,,21.15719064,59.45657228,2.803674044,6.495920635,1
123.8828125,,0.273727094,-0.110031473,2.717391304,18.58017244,10.24648775,117.7336511,0
113.140625,,0.430844123,,2.368729097,18.10496131,9.52022941,98.35732214,0
94.2265625,45.12295959,0.632671223,0.8024133,6.358695652,30.62955815,5.186103416,,0
103.53125,46.30704885,0.456668786,0.512975942,5.988294314,32.65638777,5.66315559,31.79609585,0
109.0390625,50.97784481,0.460842213,0.270503506,1.885451505,14.2493709,11.38114328,158.6293052,0
118.65625,,0.152368788,-0.542902405,3.285117057,17.86753972,7.72017386,74.08595073,0
83.546875,38.49286853,0.418285401,2.097921018,2.448996656,14.87967034,9.155079075,109.0529691,0
111.328125,41.34876611,0.056214406,0.459828451,1.879598662,,10.42045338,125.1602288,0
119.7109375,51.12334232,0.279556686,-0.170463675,93.2583612,86.12369171,0.215756419,-1.530227387,0
97.8515625,40.72431895,0.545522272,1.151478349,2.72993311,17.05405944,8.284555671,83.06011627,0
106.890625,39.54748617,0.4928403,0.824327793,1.159698997,11.45393922,13.93244922,241.9531501,0
71.8359375,41.58458574,1.36749263,3.81361683,2.822742475,21.74414967,8.886982961,83.68346619,1
109.0546875,54.26271576,0.620153917,0.078124351,159.1229097,85.6474307,-0.534723819,-1.222539428,0
114.21875,49.22111105,0.038010345,-0.066069172,1.952341137,15.9386964,10.00690197,113.8514113,0
69.2734375,48.97124712,2.055038029,4.603519771,40.1722408,76.22635342,1.670115316,1.221644103,1
92.4453125,45.1758385,0.515846075,0.933886217,,29.63441556,5.975504963,35.62667119,0
88.1796875,44.50341167,1.372594299,2.58476559,8.919732441,38.631419,4.759727192,22.49828411,1
133.8125,46.72806136,-0.090427112,0.561630735,26.43311037,61.59207188,2.116086469,2.946849572,0
84.28125,38.86574196,0.453524477,1.783457469,2.753344482,18.54345517,8.015513032,73.81248088,0
118.4453125,42.80311185,-0.138082706,0.415184089,3.276755853,21.5253874,7.461712753,60.65899566,0
110.6484375,48.93803318,0.229290198,0.099172528,2.128762542,14.5768684,11.36908626,165.5236652,0
97.984375,47.46034272,0.296463523,0.263468423,27.48327759,60.96164062,2.008609763,2.612302689,0
128.8203125,,-0.000740205,-0.404609174,3.005852843,19.85000103,,89.22020232,0
104.2890625,54.38680222,0.147797022,-0.485781878,3.431438127,23.02887126,9.024085766,85.43487055,0
134.9140625,53.33869189,0.013190464,-0.554957267,4.455685619,26.85929912,6.228566407,39.1519456,0
96.7265625,46.7012973,0.286088626,0.085695782,2.922240803,17.82846941,8.21543451,79.74058264,0
,55.19392083,0.868188928,0.366462663,11.26755853,41.40551541,3.680401252,12.492984,1
132.4765625,44.66821522,-0.000243121,0.133495949,3.496655518,,7.210895766,54.25771111,0
76.28125,33.81635549,1.142037416,4.804595738,,23.21486466,6.653721798,50.24788755,0
124.734375,51.21210251,0.553025789,,,20.82658363,9.636230006,98.77889252,0
126.375,41.68426712,,0.287746605,2.102006689,17.98316649,9.659164155,101.2297134,0
105.9609375,,0.572619014,0.68960152,1.865384615,13.30618733,11.00897548,153.1514445,0
113.9453125,47.30656479,0.265922766,,1.933110368,14.11356972,10.70684894,140.4278328,0
32.1171875,38.20864208,4.631868717,22.6745638,82.01421405,64.45880149,0.765405869,0.173028781,1
111.40625,54.87947554,0.349404077,-0.360753237,1.241638796,11.49964251,13.66319399,237.1631882,0
138.21875,49.24523097,-0.136890321,0.059618966,2.16722408,12.876262,9.991939458,145.3488015,0
104.2734375,48.3818979,0.426181036,0.446316052,2.410535117,17.3613819,9.262937896,97.82337474,0
131.46875,41.92775362,-0.098552611,0.858819441,2.259197324,18.62236152,9.316408231,93.31909641,0
99.1328125,46.15892572,0.352490323,0.29810297,,15.37418277,9.189304811,102.3435823,0
110.765625,47.27586666,0.504754364,0.562305449,2.581939799,17.43350889,9.055744323,98.35881534,0
111.890625,47.88058622,0.636548449,0.591727999,4.414715719,27.65392164,6.516273421,42.44266539,1
107.2109375,50.16031367,0.15864012,0.167519405,1.989966555,12.96005826,10.31369206,147.4782318,0
87.265625,41.59448663,0.480117079,1.043177635,6.164715719,29.44629132,5.052628366,26.0752966,0
87.15625,,0.666934823,1.845426762,9.469063545,34.97569456,4.11513055,17.30414869,0
134.2578125,41.43749926,0.043501628,0.363083385,1.616220736,17.4789612,11.44399894,135.5428962,0
126.40625,49.26355104,-0.053176949,-0.07184699,3.906354515,23.60884407,6.973065175,52.1720817,0
108.796875,42.80029194,0.360756076,0.436675156,3.251672241,20.72904605,7.886281254,,0
114.609375,44.49301813,0.222022572,0.36638068,1.034280936,13.0537093,14.60075681,228.7225171,0
108.09375,43.53652158,0.192641866,,2.428093645,14.89059365,8.563478872,96.52867138,0
120.75,55.76611314,0.201624191,-0.588195551,0.694816054,10.75485454,17.75173085,346.3191938,0
73.515625,30.01874008,2.679638322,12.54898853,,34.94638375,5.515590222,30.32201694,1
,38.18501616,0.754771387,2.649724403,4.408026756,22.74478298,6.091345229,40.9731114,0
87.3671875,38.17309898,0.65901986,,2.464046823,15.21175653,,105.7910805,0
113.1328125,55.54831387,0.201859216,-0.440315798,3.431438127,,7.532239679,67.40550346,0
143.7890625,46.16794281,-0.179908686,0.315830564,1.336120401,14.51129417,12.82535645,180.0068839,0
111.640625,33.68274187,,2.344277343,2.679765886,20.47015019,8.221573702,70.43783432,0
121.6640625,58.29025934,-0.020447495,-0.522646951,3.785117057,21.76873304,7.27615987,59.84319176,0
148.03125,43.62212338,-0.365161397,0.381448399,1.876254181,15.48409707,10.75668546,131.0058514,0
65.0703125,47.29366098,1.457665248,3.180849425,39.44732441,72.11873386,1.59027261,1.004465099,0
94.3125,41.86991574,0.431916298,0.821654809,4.384615385,24.95496072,6.620954498,46.98405307,0
110.0703125,50.98593305,0.33572402,-0.318783915,5.086120401,25.91354499,5.928902087,38.71465662,0
117.234375,57.69024023,0.176004545,-0.646466729,1.987458194,13.03554479,10.35139498,145.965463,0
101.3125,38.18760229,0.321391285,1.175693495,2.433110368,18.58289862,9.044116361,90.5088645,0
,41.0945461,0.296454157,0.602521513,1.158862876,14.4404502,13.42912484,188.4451582,0
134.6953125,58.84348395,0.139608223,-0.764310229,154.4966555,105.6738727,-0.688237925,-1.421085957,0
77.15625,36.61378615,0.906546427,3.203718626,7.706521739,40.96111204,5.143018609,,0
136.78125,52.19972724,-0.298781876,-0.193123701,3.510033445,22.30821046,,63.63028444,0
116.296875,41.47690611,-0.014123811,1.114553511,3.840301003,21.94410842,6.351561915,43.80829504,0
104.0625,37.47890031,0.381301627,1.401753113,1.703177258,13.60889525,11.70869055,165.9993289,0
115.2109375,59.40218487,0.069462557,-0.950975107,1.371237458,11.8087877,12.8631001,212.9904877,0
101.1796875,47.44922181,0.642791411,0.871647087,0.471571906,9.714315258,21.85926848,501.6352286,0
94.1015625,42.36667319,0.515570385,0.967451891,1.240802676,14.13795648,13.41075361,196.0305542,0
102.8359375,46.3338391,0.634563541,0.665063816,,15.33929279,10.04345646,122.3983294,0
126.8125,52.53120352,-0.230213351,-0.27128509,3.309364548,20.68948514,7.811536603,68.57189614,0
,53.06761377,0.194183093,-0.080392506,4.356187291,25.76700115,6.770801975,48.90787041,0
101.3046875,44.76807571,0.364104474,0.904705127,2.109531773,13.79552819,10.13976277,133.4048845,0
18.4765625,29.7163583,5.9729128,38.46719303,78.36705686,71.63865489,0.617794791,-0.386980701,1
38.5546875,36.04550262,4.014318834,18.68459996,35.0367893,60.97229469,1.892386101,2.849425218,1
24.7578125,30.23624328,6.465642517,45.32426718,113.7090301,85.28956551,0.027521155,-1.326408834,1
39.1484375,30.32817632,4.004762208,23.3089483,37.52759197,71.31374746,1.780298706,1.807952045,1
137.515625,54.67360315,-0.155574631,-0.261156629,3.14632107,16.86775718,8.113208636,85.30887565,0
110.65625,43.02060507,0.599170625,0.847204915,3.463210702,,6.650884176,50.92650813,0
121.3828125,57.55270969,0.098191525,-0.465566375,3.974080268,22.59906094,6.608704722,48.91800744,0
,52.11811384,0.393578765,0.062708885,2.276755853,14.73164052,9.449024976,113.594034,0
105.6640625,55.58598032,0.450323944,-0.315329166,2.970735786,18.19703511,9.596640039,107.2211606,0
108.8125,47.89062245,0.362649669,-0.032789341,2.322742475,14.64665832,8.908758107,104.883407,0
104.09375,48.8443698,0.376455318,-0.106868975,3.387959866,22.44193523,8.83353665,84.1687318,0
96.8359375,45.04525109,0.435910951,0.420905327,2.515886288,17.87738566,9.018725148,91.97756511,0
117.546875,41.76400577,0.285479151,0.559920218,27.89882943,51.79286277,1.60863118,1.304321956,0
101.625,,0.621869108,0.358448795,1.760033445,12.4865188,11.22387142,171.5033038,0
74.8359375,39.23940489,0.896732758,,7.630434783,31.56297326,4.415968846,19.88177884,0
97.140625,47.77089438,0.625218075,0.740796144,,26.46526062,6.927045631,49.62852693,0
62.96875,45.83444009,2.655383164,8.173755039,,50.02722122,3.396264257,10.97318827,1
80.4375,48.13972989,1.606092678,2.362365961,32.72324415,65.51169439,1.854559768,2.127182323,1
97.90625,40.60969664,0.391609855,1.50591983,1.006688963,12.34468548,14.4627527,233.6748525,0
19.4921875,32.6716611,5.643641378,33.15621962,54.61705686,57.232719,1.509937251,1.800584867,1
119.484375,46.26097579,0.057837081,0.244327803,2.964046823,17.57067558,8.119219977,81.23179816,0
22.1953125,35.54202148,5.18478934,28.51835443,67.87625418,68.76363766,1.106782156,0.294261238,1
93.34375,45.99820606,,0.298340444,,18.68747869,,49.80837023,0
112.8515625,44.58192772,0.276913807,0.613526304,2.075250836,13.56328001,10.76685986,151.6899325,0
96.5859375,45.06549528,,0.68107138,2.537625418,14.76989919,8.783182183,102.5476156,0
124.859375,56.05810802,0.136998992,-0.444882409,0.89632107,12.35576125,15.42161879,254.0936559,0
129.796875,51.51749693,-0.045608362,,1.808528428,14.07454928,10.78049383,140.9936713,0
113.3046875,50.10248225,-0.016337889,,,10.61822952,20.36930175,444.7988417,0
55.671875,31.98659616,2.271775978,11.42973836,15.30685619,45.43007402,2.99832329,8.085384383,0
120.171875,49.09876993,0.303747635,0.037927125,3.320234114,20.51458308,8.48152524,83.44017982,0
137.4609375,46.85648007,-0.24824019,0.067623561,4.311036789,22.26336535,6.748053193,50.74377114,0
113.0859375,46.1161962,0.277291671,-0.218964213,3.185618729,17.63008964,8.692530126,96.32540055,0
129.2109375,49.13480378,0.014687015,-0.229723813,1.860367893,14.81174174,10.72950087,136.6400324,0
146.2734375,55.13587121,-0.669990755,0.213249669,29.71153846,49.65740051,,4.081029308,0
99.8359375,51.82584679,0.302587812,-0.298202636,3.072742475,19.26710402,7.42180498,62.08162276,0
118.265625,42.04285098,0.185130893,0.749145393,2.718227425,20.9342026,8.646505025,79.35216198,0
170.3671875,40.88204662,,1.840474964,43.35284281,74.11421799,1.356706037,0.209286085,0
110.03125,38.25284661,0.402832935,1.142015647,,13.73956363,14.12988358,220.528902,0
118.1484375,55.53448954,0.082624868,-0.486283072,4.150501672,21.60911701,6.533587549,48.14067052,0
126.359375,59.53842435,-0.00080251,-0.656425154,3.873745819,21.69020122,7.597336531,64.5752416,0
108.484375,48.14869293,0.350549842,0.62105773,3.641304348,,7.409894097,58.74727194,0
116.8359375,48.03331808,0.368218272,-0.021364361,2.738294314,17.27524294,8.667335968,89.7861223,1
137.9453125,58.24132293,-0.004644844,-0.676629129,4.801839465,26.18939949,6.37065865,42.81991474,0
129.1015625,45.73357626,0.12586458,0.149425617,1.931438127,13.92635845,10.51466176,140.6093076,0
84.8046875,42.76426271,0.737207209,1.028279665,1.005852843,12.100228,,291.1461423,0
119.875,43.75696373,0.205781558,0.516720857,1.370401338,12.84441605,14.60033012,251.4384315,0
114.03125,54.99288839,0.078090646,-0.39993856,2.752508361,14.79951703,8.677846957,102.6063021,0
96.328125,45.18004077,0.475082126,0.671795393,0.430602007,9.558009825,23.93016993,587.4674714,0
98.171875,,0.311807442,0.14781196,2.223244147,16.20431303,10.20320948,122.7766317,0
127.640625,54.77250313,0.084292774,-0.320200676,3.100334448,18.37431226,7.939048476,74.13892428,0
135.1640625,48.83978548,0.105783127,-0.290957727,2.584448161,16.18621959,9.183111777,102.2371957,0
126.2890625,51.43672575,0.090010503,-0.267499164,2.202341137,16.24578755,9.367575824,103.0873254,0
117.6484375,56.29478632,0.246347137,-0.734207706,5.134615385,29.78132856,6.07595599,36.85093414,0
90.8046875,49.86654982,0.759447339,0.63730099,2.258361204,16.10939729,10.09200566,117.5479819,0
118.8828125,59.57802409,0.095876323,-0.702633542,3.195652174,23.17394991,8.038914835,67.44033055,0
111.09375,47.34108903,0.435468922,0.471339022,2.386287625,15.86717271,9.327098427,103.545876,0
135.078125,48.68659488,0.113357619,-0.147732293,2.35451505,17.24372033,9.291448732,,0
124.125,51.61289204,0.09842086,-0.595439877,2.077759197,18.22356904,10.16614058,109.4975202,0
116.3046875,45.85073585,,0.846143546,1.850334448,13.16051565,10.99824319,155.6825414,0
103.53125,43.68422511,0.489109411,0.956313202,1.974916388,12.29287417,11.45774603,181.0743757,0
114.90625,50.01803386,0.225512216,0.068832077,3.22826087,21.53349038,8.325255884,75.4456781,0
21.8515625,32.90328865,5.435666216,31.2568822,,79.73912954,0.102797576,-1.108933123,1
109.90625,48.45946075,0.109129744,0.062892096,2.404682274,14.51991291,8.847040452,104.2350516,0
138.4375,53.23206124,-0.150887841,-0.440101524,2.596989967,15.39137548,8.685055551,,0
114.421875,49.41353075,0.084368555,-0.098337696,2.397993311,14.6292691,8.826905692,102.7848295,0
108.875,43.91166559,0.423204433,0.436190705,1.834448161,15.0836913,10.85831125,135.5352297,0
124.6953125,49.80407843,0.093029866,-0.12824929,8.515886288,36.85151325,4.430659676,18.88284709,0
113.96875,48.35092061,0.42012288,0.399999192,2.258361204,16.67932768,9.003409948,93.73570527,0
126.9765625,59.83995123,-0.182345351,-0.697687995,173.3913043,73.42555253,-1.746040785,1.440493177,0
111.0390625,50.45920418,0.662563041,0.537520367,8.74916388,38.00634462,4.566126261,20.39295779,0
120.2265625,35.54381426,0.174416994,1.667266687,3.182274247,16.5709245,7.637293417,77.0970136,0
127.109375,49.48346226,-0.075424247,0.04741625,2.605351171,17.28411332,9.831503294,115.1195386,0
121.0859375,59.73731918,0.056159245,-0.637455901,6.473244147,31.69978508,5.121803865,26.2235511,0
129.1875,44.6508591,-0.181941055,0.176943217,1.508361204,11.1700491,12.96948437,239.4209118,0
139.1796875,49.7244648,-0.137740985,-0.315788005,0.717391304,10.90727405,18.17104343,359.2703752,0
108.53125,39.91219611,,1.061451886,6.157190635,30.67616551,5.569804024,32.54498015,0
147.046875,53.76189685,-0.238446444,-0.45847628,2.0409699,14.23245245,10.36323239,133.1295274,0
116.875,55.90197895,0.024393246,-0.582035474,2.700668896,15.70901897,8.512788374,91.65287226,0
119.328125,63.09295095,0.499195626,-0.833814009,43.53929766,72.11768736,1.359367647,0.353693493,0
141.0625,42.40738991,-0.012301421,0.855143116,1.992474916,13.12695064,10.59198303,150.1718081,0
130.7265625,59.37509406,-0.058869538,-0.594023791,2.977424749,17.30110071,8.31057945,83.17580306,0
106.96875,38.99337634,0.728802481,1.775847698,8.891304348,35.67389776,4.046214291,15.59446631,1
126.3671875,62.23780893,0.24421734,-0.808279246,0.944816054,11.26676966,17.03387224,327.9271884,0
105.7578125,47.6802085,0.334637911,-0.105519159,2.860367893,16.99891009,8.382180252,86.40850202,0
126.1875,47.58967686,-0.120984911,-0.097959353,1.193979933,13.52969596,13.70028428,209.2530452,0
119.3046875,50.83406808,0.058504306,-0.399833875,2.81187291,17.30753387,9.485307359,108.3479421,0
117.90625,42.95445217,0.284808061,0.321012339,2.967391304,16.61590809,7.899972479,80.25280655,0
129.6796875,44.06315311,,0.438212663,2.613712375,17.59602264,9.512821363,106.0376924,0
103.5625,,0.30004755,0.423681849,,13.90133636,12.30686222,175.380952,0
110.9140625,38.74214181,0.128171485,1.412512518,0.981605351,13.20698341,15.10602471,242.3848547,0
126.0703125,43.1610689,0.108815136,0.749135248,2.556856187,17.85577518,9.32569027,97.4579137,0
134.1171875,47.00741649,,-0.130804019,4.077759197,24.32499727,7.012619594,53.54078316,0
127.6953125,34.01161534,0.236707806,2.075377528,,12.55442718,11.66098753,,0
94.125,52.06171218,0.530583166,0.165654327,5.097826087,25.96533505,6.540265511,46.52805653,0
133.5,41.77113986,-0.037166676,0.376719292,4.180602007,25.08882198,6.551177385,45.08937582,0
121.9140625,44.65913039,0.213421612,0.372465652,39.84448161,59.65624124,1.138582759,-0.025516439,0
119.9921875,50.55774794,0.343321842,0.016651993,2.133779264,14.80188554,9.471442972,114.4074331,0
123.859375,46.12241429,0.15628967,,2.050167224,18.11813219,10.72019942,124.2914528,0
129.78125,43.30667123,-0.020949336,0.234721117,5.387959866,29.45908657,5.64892573,31.52839936,0
,47.54495971,0.566867335,0.453594631,3.115384615,18.27086421,7.812303703,71.18191095,0
42.84375,35.85287591,4.269030573,20.83257285,28.97240803,59.00960815,2.255584193,4.334875688,1
123.84375,42.72759601,0.200327885,0.199121973,3.780100334,18.48738986,6.215092177,49.24088085,0
115.546875,45.9598771,0.110515359,0.558177827,2.230769231,13.35714418,10.16652944,142.32517,0
,48.97107076,0.210629193,0.171187755,1.446488294,15.32942542,12.21562225,,0
,48.67949065,-0.380022712,0.400959309,39.4916388,71.8216676,,0.35463112,0
88.6484375,43.32121843,0.48579832,0.91445327,4.25,23.3119791,6.117913582,40.22654898,0
144.8125,58.09068207,-0.252263228,-0.611680601,7.154682274,32.06726813,,25.93364371,0
133.8984375,,-0.055867475,0.159990539,91.60785953,101.2511327,0.332292826,-1.71192464,0
123.5,47.78647167,0.035054235,0.202899688,6.027591973,,5.435981218,31.26290481,0
94.78125,48.03806068,0.444129595,0.199480766,0.498327759,9.282765194,22.75314203,561.9678538,0
134.3359375,51.16567412,,-0.30390224,5.449832776,28.12130303,5.581875345,31.82836695,0
106.140625,54.24780156,0.224795406,-0.373265484,4.696488294,27.02598194,6.231380912,40.30312317,0
80.0625,69.27704233,1.138938407,-0.141136727,101.8695652,81.16135325,0.444518405,-1.33886409,0
124.9921875,55.75006952,-0.131174189,-0.591006571,3.806856187,22.38098183,7.091617233,55.8307921,0
107.84375,,,0.533909601,1.91638796,13.25513842,11.24890689,161.7639011,0
50.8125,31.05004781,3.708288059,20.62248975,8.838628763,35.74526485,4.747143322,23.58408639,1
120.3125,48.97587895,0.340131465,-0.012273793,147.0225753,,-0.799010975,-0.976216784,0
121.3359375,53.077078,-0.054325172,-0.690150358,2.765886288,20.29878096,8.513722378,76.50253771,0
120.7265625,36.47317397,0.110689295,1.223632929,3.061036789,17.80342646,8.168925188,82.29515076,0
104.9375,39.9583279,0.310060593,0.827842043,2.754180602,16.11179923,8.249519051,87.95277013,0
115.1328125,54.35694687,-0.007307902,-0.375905262,0.95819398,13.20882919,14.93292825,235.2576146,0
,44.01411073,0.815599722,1.141763994,3.591137124,21.75438806,6.782996309,49.98373208,1
98.515625,50.3891085,0.367874413,-0.126132917,2.816053512,21.81300761,8.376984813,72.48830917,0
120.28125,46.9916777,0.123255113,0.244876919,3.43729097,22.56092266,7.466361734,58.62373266,0
137.125,50.17126917,0.05181362,,8.198996656,41.15726262,4.86218409,21.860619,0
135.6953125,44.87962347,-0.964013664,1.45912672,164.132107,84.13434435,-0.741389273,-0.793830798,0
83.234375,38.23825072,0.648801769,2.131345584,1.997491639,19.22792772,10.7092754,120.0594179,0
118.5703125,44.8130986,0.224010273,0.011623829,1.977424749,15.51287065,9.4969953,105.4994066,0
145.96875,52.49909783,,-0.257552134,21.94481605,57.8895006,2.545658558,5.027885686,0
94.8203125,49.63451319,0.656765521,0.28639493,,9.371174645,20.00446083,481.2507849,0
123.5859375,46.92739194,0.220894172,-0.138663472,1.091973244,10.56932375,15.58596639,311.1601649,0
118.3984375,48.93336347,0.159441084,0.041928293,11.85535117,48.77758182,3.891929542,13.24000322,0
105.2890625,47.08439105,0.566579808,0.784307754,1.903010033,12.15448048,11.31657567,180.909791,0
94.6328125,38.20644397,0.579433931,1.545411124,13.62207358,53.90705783,3.717776769,11.87675461,0
78.0546875,44.6946775,1.555123382,3.749351741,137.4874582,83.12858644,-0.625662006,-0.92402117,1
142.8203125,39.85137105,-0.075277319,0.751309607,2.294314381,13.83516197,9.195981017,117.0205517,0
21.3828125,45.20459066,3.767349993,14.01025025,97.87792642,61.94282195,0.396818617,-0.438507576,1
127.5703125,47.3353534,0.258542601,0.341221234,2.329431438,17.36544555,9.777780605,109.5753401,0
47.6875,28.71866499,3.215212993,20.26156643,3.227424749,21.64833987,7.465669545,59.38975335,1
28.7578125,30.13349105,5.840096278,39.44785209,75.10618729,,0.769681835,-0.557649255,1
118.125,43.27058759,0.075028357,0.745526335,3.924749164,26.71291114,7.308792012,54.82392706,0
119.921875,34.89238128,-0.050957237,1.398000031,2.224080268,17.65438225,9.202718598,93.61576838,0
115.5078125,48.40228496,0.233385728,-0.040901528,2.215719064,13.25200636,9.803138002,135.1139218,0
114.1484375,45.17225535,0.179826721,0.074158217,2.455685619,14.5366752,9.417564139,116.3594624,0
117.5546875,45.20056149,0.301001383,0.663915384,2.153010033,15.64149462,9.050225813,97.09075921,0
128.1640625,50.89031977,0.298933167,-0.123396453,1.642976589,12.58956378,13.39218883,227.2684773,0
97.9921875,37.94002176,0.710899473,2.053891874,0.849498328,11.03661092,16.71443626,320.3598233,0
122.625,50.86962502,0.173380215,-0.278179237,2.234949833,16.40328346,9.247466064,100.2208109,0
116.421875,58.42618331,-0.101506347,,114.6538462,65.02274295,-0.534358564,-0.415497579,0
84.6796875,39.86460162,0.504917799,1.536421608,2.652173913,15.43432804,9.021101189,105.2961938,0
114.3984375,36.57170607,0.709696096,2.796626585,4.590301003,27.16386616,6.252619791,39.40287878,0
124.765625,56.8194075,0.278014904,-0.580017371,125.0493311,84.50165782,-0.636691968,-1.286712025,0
41.4296875,39.31934233,3.575827914,14.15120985,34.71237458,60.90250074,1.695998119,1.877171635,1
117.828125,43.92609371,0.416162816,0.518232387,1.494983278,17.81062049,12.41715309,157.048025,0
131.0234375,48.28341862,-0.140880564,0.118704864,0.985785953,12.77731707,15.30411496,251.769803,0
79.640625,32.94164689,0.981903415,4.951839322,1.407190635,10.89838663,13.98517336,268.7939096,0
122.703125,45.76952442,-0.038028212,0.06567838,1.722408027,14.52416506,12.08147372,170.310704,0
69.6015625,38.8416939,1.031798277,2.885897079,2.231605351,,,132.5360478,0
100.265625,43.80897532,0.233087559,0.451613454,1.142976589,13.77472089,14.14838761,215.4048643,0
98.8828125,37.66704899,0.459377163,1.520792468,1.862876254,14.89970684,10.51539357,129.5400844,0
112.9296875,46.75537797,0.247111257,0.437592585,4.157190635,21.9705726,6.216421584,42.42134669,0
123.71875,41.62573901,0.253551391,1.099912045,1.446488294,15.1930051,11.91031515,153.3281193,0
130.3984375,49.18481407,-0.136959764,-0.181544883,2.352842809,15.24545824,9.938688071,118.0272345,0
53.796875,35.2245829,2.537610881,10.33296117,12.57023411,41.06244837,,15.44939361,1
115.625,56.01645963,0.054995606,-0.738947364,2.281772575,13.90748345,9.443487585,121.0973366,0
109.75,33.55243099,0.208662102,2.287948092,2.60367893,21.44379259,8.890290433,81.67889955,0
160.59375,45.628157,-0.386819851,,2.064381271,14.43732976,10.59061728,138.0163273,0
93.9296875,37.88699967,0.352917788,2.046485116,1.00083612,10.84433021,,295.5145578,0
134.984375,45.40580641,-0.085523692,,2.592809365,14.32554779,8.66283335,105.1779862,0
154.84375,45.48015321,,0.217957804,114.9205686,69.80434586,-0.961326595,-0.882046466,0
89.7421875,42.68255756,0.735457343,1.376764854,2.64632107,19.92157269,8.319452308,73.96848569,0
87.3125,37.21238663,,2.243437331,4.076086957,24.69150931,6.557546269,44.41102879,0
131.921875,47.62444379,-0.056534906,0.08424766,2.112876254,15.9772979,9.621919242,109.2948109,0
98.90625,,0.522971273,0.792683684,7.450668896,34.2361718,4.852467339,23.58415103,0
126.015625,54.49426351,0.207263709,-0.350119066,5.257525084,27.01301375,5.657465152,33.5288193,0
112.3046875,45.12526984,1.101891573,2.026089747,41.23244147,76.31848523,1.495602462,0.564702029,1
102.2890625,43.99345696,0.258718269,0.247854339,2.362876254,14.59934574,10.09033459,130.2621239,0
123.640625,46.58170483,0.183814841,0.242489372,2.659698997,19.53507474,8.496792643,78.81380051,0
87.6875,48.11099634,0.795583022,0.707279599,60.54347826,83.01059055,0.989217856,-0.533603355,1
86.9453125,37.20179528,0.541047504,1.984895427,2.696488294,17.21705873,8.490883809,86.15125377,0
96.1328125,41.18259096,,1.033596385,2.04180602,13.49618767,11.03831782,,0
112.0234375,44.52623258,0.207140254,-0.020172004,3.633779264,25.01691059,7.213329723,52.74660947,0
144.9765625,43.37760526,-0.022241828,0.453177743,3.27090301,22.25844373,7.518621542,59.05486299,0
108.34375,41.38433382,,0.809591875,3.027591973,14.71053161,7.861948271,90.79607405,0
135.6328125,48.35462605,,0.346115155,1.223244147,15.81042039,13.52070256,186.0030405,0
121.671875,39.21158737,0.002545734,0.947043573,3.461538462,23.24378636,7.258005568,54.63888751,0
90.78125,43.36598204,0.77709762,1.818241352,1.826086957,12.49106122,11.07943839,168.3648453,0
102.0859375,47.91252239,0.360112351,0.281663185,2.626254181,17.03689523,9.190053627,98.91682836,0
109.7734375,39.30494062,0.346856585,1.716126615,2.877926421,18.39532843,8.221997075,77.19652373,0
104.8671875,40.15057034,0.258968168,0.999369326,1.849498328,,11.22725947,145.1131332,0
,54.84078017,0.127207515,-0.593162838,1.448996656,16.36983442,11.95142679,148.4476728,0
52.515625,32.02562069,3.208476087,16.74404683,15.84949833,45.81554655,3.194261063,9.836929323,1
132.0546875,46.93068502,0.176822119,-0.122367908,,10.00555275,17.27692219,379.4835771,0
131.3125,51.51209658,-0.153100843,-0.478785544,5.580267559,29.66768698,5.521320503,30.48331603,0
99.828125,46.47716331,0.618810799,0.85890197,1.546822742,15.79489085,11.60427823,145.1799204,0
78.7265625,39.21828234,1.758215125,5.342940668,15.13294314,50.80872603,3.41357015,10.49062074,1
96.828125,47.09384072,0.365832701,0.641540558,8.527591973,40.51140565,4.75258648,21.36172645,0
,48.2567368,-0.030213347,-0.088678545,2.112876254,16.95650943,9.351440501,96.80530844,0
118.265625,54.85556096,0.031310177,-0.365721803,24.67140468,60.23973748,2.262562084,3.61995206,0
106.9609375,42.54067949,0.153960964,0.831103105,5.339464883,27.46146856,5.913391173,36.30364475,0
127.75,42.94982538,0.263881221,0.456432033,2.927257525,,7.994835952,73.08050478,0
107.71875,52.06185286,0.278869299,-0.031273749,12.37374582,40.519143,3.347249767,10.4413225,0
109.8515625,42.05466863,0.792593186,1.207236181,2.351170569,18.91541877,9.267976425,91.02932854,0
12.0234375,39.73986994,5.089784945,24.89940135,,74.02270132,-0.432160664,-1.017396537,1
99.703125,48.14761796,0.614214593,,2.054347826,13.99054469,9.758660468,122.9374547,0
118.5078125,45.02603346,0.109244122,0.27505423,7.058528428,27.86847848,4.739962427,25.30083237,0
44.3203125,59.6722734,2.062026291,3.429955354,80.7909699,54.64416469,1.346399735,1.212320519,1
120.15625,51.6597095,0.062960779,-0.475414947,3.170568562,17.48968172,7.861937305,75.57406958,0
85.53125,35.84012623,0.760817308,3.009717735,1.495819398,15.16026367,13.53490719,198.7803447,0
125.0078125,43.41253709,0.509645294,0.497550294,2.081103679,12.82031509,10.41412452,152.2723922,0
123.1171875,55.74013661,0.161840688,-0.536572074,6.205685619,28.32284318,5.31294417,30.03867234,0
111.1484375,36.48439089,0.167595987,2.241418866,1.664715719,16.67560228,11.37203508,137.3097336,0
131.203125,48.43751764,-0.196461092,-0.221117872,12.47073579,42.77247865,3.326596303,9.736280262,0
95.359375,34.1015795,0.768040015,2.853824096,2.464882943,20.04763402,8.750297212,79.97112233,0
121.6796875,49.27679056,0.12814409,-0.309902213,42.40050167,70.28136929,1.344230456,,0
